IDEmpresa,Variable,ProbabilidadEmision
1,CO,0.5777777777777778
1,NO,0.7111111111111111
1,NO2,0.7111111111111111
1,NOX,0.7555555555555555
1,PM10,0.8
1,PM2.5,0.8
1,SO2,0.5111111111111111
2,CO,0.6444444444444445
2,NO,0.6888888888888889
2,NO2,0.6888888888888889
2,NOX,0.7333333333333333
2,PM10,0.8
2,PM2.5,0.8
2,SO2,0.7555555555555555
3,CO,0.6444444444444445
3,NO,0.8888888888888888
3,NO2,0.8888888888888888
3,NOX,0.9333333333333333
3,PM10,0.8
3,PM2.5,0.8
3,SO2,0.9555555555555555
4,CO,0.6000000000000001
4,NO,0.7777777777777778
4,NO2,0.7777777777777778
4,NOX,0.8222222222222223
4,PM10,0.8444444444444444
4,PM2.5,0.7777777777777778
4,SO2,0.8666666666666667
5,CO,0.6444444444444445
5,NO,0.6888888888888889
5,NO2,0.6888888888888889
5,NOX,0.7333333333333333
5,PM10,0.8
5,PM2.5,0.8
5,SO2,0.7555555555555555
6,CO,0.6444444444444445
6,NO,0.6444444444444445
6,NO2,0.6444444444444445
6,NOX,0.6888888888888889
6,PM10,0.8
6,PM2.5,0.8
6,SO2,0.7111111111111111
7,CO,0.5333333333333334
7,NO,0.8222222222222223
7,NO2,0.7555555555555555
7,NOX,0.7999999999999999
7,PM10,0.8444444444444444
7,PM2.5,0.8444444444444444
7,SO2,0.8222222222222223
8,CO,0.6000000000000001
8,NO,0.6888888888888889
8,NO2,0.6888888888888889
8,NOX,0.7333333333333333
8,PM10,0.8
8,PM2.5,0.8
8,SO2,0.7555555555555555
9,CO,0.5555555555555556
9,NO,0.7555555555555555
9,NO2,0.7555555555555555
9,NOX,0.8
9,PM10,0.6666666666666666
9,PM2.5,0.6666666666666666
9,SO2,0.8222222222222222
10,CO,0.6000000000000001
10,NO,0.8444444444444444
10,NO2,0.8444444444444444
10,NOX,0.8888888888888888
10,PM10,0.8
10,PM2.5,0.7333333333333334
10,SO2,0.8666666666666667
11,CO,0.6000000000000001
11,NO,0.7777777777777778
11,NO2,0.7777777777777778
11,NOX,0.8222222222222223
11,PM10,0.8444444444444444
11,PM2.5,0.7777777777777778
11,SO2,0.8666666666666667
12,CO,0.17777777777777778
12,NO,0.24444444444444446
12,NO2,0.20000000000000004
12,NOX,0.2888888888888889
12,PM10,0.7333333333333333
12,PM2.5,0.6888888888888889
12,SO2,0.24444444444444446
13,CO,0.6000000000000001
13,NO,0.8888888888888888
13,NO2,0.8888888888888888
13,NOX,0.9333333333333333
13,PM10,0.8
13,PM2.5,0.8
13,SO2,0.9555555555555555
14,CO,0.8
14,NO,0.6222222222222222
14,NO2,0.6888888888888889
14,NOX,0.7333333333333333
14,PM10,0.8888888888888888
14,PM2.5,0.8888888888888888
14,SO2,0.48888888888888893
15,CO,0.6000000000000001
15,NO,0.7777777777777778
15,NO2,0.7777777777777778
15,NOX,0.8222222222222223
15,PM10,0.8444444444444444
15,PM2.5,0.7777777777777778
15,SO2,0.8666666666666667
16,CO,0.6444444444444445
16,NO,0.6888888888888889
16,NO2,0.6888888888888889
16,NOX,0.7333333333333333
16,PM10,0.8
16,PM2.5,0.8
16,SO2,0.7555555555555555
17,CO,0.6444444444444445
17,NO,0.6444444444444445
17,NO2,0.6444444444444445
17,NOX,0.6888888888888889
17,PM10,0.8
17,PM2.5,0.8
17,SO2,0.7111111111111111
18,CO,0.6444444444444445
18,NO,0.6888888888888889
18,NO2,0.6888888888888889
18,NOX,0.7333333333333333
18,PM10,0.8
18,PM2.5,0.8
18,SO2,0.7555555555555555
19,CO,0.6444444444444445
19,NO,0.6444444444444445
19,NO2,0.6444444444444445
19,NOX,0.6888888888888889
19,PM10,0.8
19,PM2.5,0.8
19,SO2,0.7111111111111111
20,CO,0.4
20,NO,0.5333333333333333
20,NO2,0.5333333333333333
20,NOX,0.5333333333333333
20,PM10,0.5333333333333334
20,PM2.5,0.5333333333333334
20,SO2,0.37777777777777777
21,CO,0.6000000000000001
21,NO,0.6888888888888889
21,NO2,0.6888888888888889
21,NOX,0.7333333333333333
21,PM10,0.8
21,PM2.5,0.8
21,SO2,0.7555555555555555
22,CO,0.6000000000000001
22,NO,0.8888888888888888
22,NO2,0.8888888888888888
22,NOX,0.9333333333333333
22,PM10,0.8
22,PM2.5,0.8
22,SO2,0.9555555555555555
23,CO,0.6444444444444445
23,NO,0.6888888888888889
23,NO2,0.6888888888888889
23,NOX,0.7333333333333333
23,PM10,0.8
23,PM2.5,0.8
23,SO2,0.7555555555555555
24,CO,0.4444444444444444
24,NO,0.7555555555555555
24,NO2,0.8222222222222223
24,NOX,0.8666666666666667
24,PM10,0.5777777777777778
24,PM2.5,0.5777777777777778
24,SO2,0.4222222222222223
25,CO,0.6444444444444445
25,NO,0.6888888888888889
25,NO2,0.6888888888888889
25,NOX,0.7333333333333333
25,PM10,0.8
25,PM2.5,0.8
25,SO2,0.7555555555555555
26,CO,0.6444444444444445
26,NO,0.6444444444444445
26,NO2,0.6444444444444445
26,NOX,0.6888888888888889
26,PM10,0.8
26,PM2.5,0.8
26,SO2,0.7111111111111111
27,CO,0.6444444444444445
27,NO,0.6888888888888889
27,NO2,0.6888888888888889
27,NOX,0.7333333333333333
27,PM10,0.8
27,PM2.5,0.8
27,SO2,0.7555555555555555
28,CO,0.6444444444444445
28,NO,0.6888888888888889
28,NO2,0.6888888888888889
28,NOX,0.7333333333333333
28,PM10,0.8
28,PM2.5,0.8
28,SO2,0.7555555555555555
29,CO,0.6444444444444445
29,NO,0.6444444444444445
29,NO2,0.6444444444444445
29,NOX,0.6888888888888889
29,PM10,0.8
29,PM2.5,0.8
29,SO2,0.7111111111111111
30,CO,0.6444444444444445
30,NO,0.6444444444444445
30,NO2,0.6444444444444445
30,NOX,0.6888888888888889
30,PM10,0.8
30,PM2.5,0.8
30,SO2,0.7111111111111111
31,CO,0.6444444444444445
31,NO,0.6444444444444445
31,NO2,0.6444444444444445
31,NOX,0.6888888888888889
31,PM10,0.8
31,PM2.5,0.8
31,SO2,0.7111111111111111
33,CO,0.5777777777777778
33,NO,0.7111111111111111
33,NO2,0.7111111111111111
33,NOX,0.7555555555555555
33,PM10,0.8
33,PM2.5,0.8
33,SO2,0.5111111111111111
34,CO,0.5777777777777778
34,NO,0.7111111111111111
34,NO2,0.7111111111111111
34,NOX,0.7555555555555555
34,PM10,0.8
34,PM2.5,0.8
34,SO2,0.5111111111111111
35,CO,0.6000000000000001
35,NO,0.6888888888888889
35,NO2,0.6888888888888889
35,NOX,0.7333333333333333
35,PM10,0.8
35,PM2.5,0.8
35,SO2,0.7555555555555555
36,CO,0.4444444444444444
36,NO,0.7111111111111111
36,NO2,0.7777777777777778
36,NOX,0.8222222222222223
36,PM10,0.5777777777777778
36,PM2.5,0.5777777777777778
36,SO2,0.3777777777777778
37,CO,0.6444444444444445
37,NO,0.6444444444444445
37,NO2,0.6444444444444445
37,NOX,0.6888888888888889
37,PM10,0.8
37,PM2.5,0.8
37,SO2,0.7111111111111111
38,CO,0.5777777777777778
38,NO,0.7111111111111111
38,NO2,0.7111111111111111
38,NOX,0.7555555555555555
38,PM10,0.8
38,PM2.5,0.8
38,SO2,0.5111111111111111
39,CO,0.044444444444444446
39,NO,0.1111111111111111
39,NO2,0.1111111111111111
39,NOX,0.1111111111111111
39,PM10,0.8666666666666667
39,PM2.5,0.6888888888888889
39,SO2,0.1111111111111111
40,CO,0.3111111111111111
40,NO,0.4444444444444444
40,NO2,0.4444444444444444
40,NOX,0.4444444444444444
40,PM10,0.7333333333333334
40,PM2.5,0.6000000000000001
40,SO2,0.2444444444444444
41,CO,0.6000000000000001
41,NO,0.6888888888888889
41,NO2,0.6888888888888889
41,NOX,0.7333333333333333
41,PM10,0.8
41,PM2.5,0.8
41,SO2,0.7555555555555555
42,CO,0.5777777777777778
42,NO,0.7111111111111111
42,NO2,0.7111111111111111
42,NOX,0.7555555555555555
42,PM10,0.8
42,PM2.5,0.8
42,SO2,0.5111111111111111
43,CO,0.2666666666666667
43,NO,0.2666666666666667
43,NO2,0.2666666666666667
43,NOX,0.3111111111111111
43,PM10,0.4222222222222222
43,PM2.5,0.35555555555555557
43,SO2,0.3111111111111111
44,CO,0.4444444444444444
44,NO,0.4444444444444444
44,NO2,0.4444444444444444
44,NOX,0.48888888888888893
44,PM10,0.6222222222222222
44,PM2.5,0.6222222222222222
44,SO2,0.4444444444444444
45,CO,0.6444444444444445
45,NO,0.6444444444444445
45,NO2,0.6444444444444445
45,NOX,0.6888888888888889
45,PM10,0.8
45,PM2.5,0.8
45,SO2,0.7111111111111111
46,CO,0.3111111111111111
46,NO,0.4444444444444444
46,NO2,0.4444444444444444
46,NOX,0.4444444444444444
46,PM10,0.7333333333333334
46,PM2.5,0.6000000000000001
46,SO2,0.2444444444444444
47,CO,0.6444444444444445
47,NO,0.6888888888888889
47,NO2,0.6888888888888889
47,NOX,0.7333333333333333
47,PM10,0.8
47,PM2.5,0.8
47,SO2,0.7555555555555555
48,CO,0.6000000000000001
48,NO,0.6888888888888889
48,NO2,0.6888888888888889
48,NOX,0.7333333333333333
48,PM10,0.8
48,PM2.5,0.8
48,SO2,0.7555555555555555
49,CO,0.6000000000000001
49,NO,0.8444444444444444
49,NO2,0.8444444444444444
49,NOX,0.8888888888888888
49,PM10,0.8
49,PM2.5,0.7333333333333334
49,SO2,0.8666666666666667
50,CO,0.4444444444444444
50,NO,0.7555555555555555
50,NO2,0.8222222222222223
50,NOX,0.8666666666666667
50,PM10,0.5777777777777778
50,PM2.5,0.5777777777777778
50,SO2,0.4222222222222223
51,CO,0.6444444444444445
51,NO,0.6888888888888889
51,NO2,0.6888888888888889
51,NOX,0.7333333333333333
51,PM10,0.8
51,PM2.5,0.8
51,SO2,0.7555555555555555
52,CO,0.6444444444444445
52,NO,0.6444444444444445
52,NO2,0.6444444444444445
52,NOX,0.6888888888888889
52,PM10,0.8
52,PM2.5,0.8
52,SO2,0.7111111111111111
53,CO,0.5777777777777778
53,NO,0.7111111111111111
53,NO2,0.7111111111111111
53,NOX,0.7555555555555555
53,PM10,0.8
53,PM2.5,0.8
53,SO2,0.5111111111111111
54,CO,0.6444444444444445
54,NO,0.6444444444444445
54,NO2,0.6444444444444445
54,NOX,0.6888888888888889
54,PM10,0.8
54,PM2.5,0.8
54,SO2,0.7111111111111111
56,CO,0.6444444444444445
56,NO,0.6444444444444445
56,NO2,0.6444444444444445
56,NOX,0.6888888888888889
56,PM10,0.8
56,PM2.5,0.8
56,SO2,0.7111111111111111
57,CO,0.4444444444444444
57,NO,0.7111111111111111
57,NO2,0.7777777777777778
57,NOX,0.8222222222222223
57,PM10,0.5777777777777778
57,PM2.5,0.5777777777777778
57,SO2,0.3777777777777778
58,CO,0.3111111111111111
58,NO,0.4444444444444444
58,NO2,0.4444444444444444
58,NOX,0.4444444444444444
58,PM10,0.7333333333333334
58,PM2.5,0.6000000000000001
58,SO2,0.2444444444444444
59,CO,0.6000000000000001
59,NO,0.8444444444444444
59,NO2,0.8444444444444444
59,NOX,0.8888888888888888
59,PM10,0.8
59,PM2.5,0.7333333333333334
59,SO2,0.8666666666666667
60,CO,0.6444444444444445
60,NO,0.6888888888888889
60,NO2,0.6888888888888889
60,NOX,0.7333333333333333
60,PM10,0.8
60,PM2.5,0.8
60,SO2,0.7555555555555555
61,CO,0.4444444444444444
61,NO,0.7111111111111111
61,NO2,0.7777777777777778
61,NOX,0.8222222222222223
61,PM10,0.5777777777777778
61,PM2.5,0.5777777777777778
61,SO2,0.3777777777777778
62,CO,0.2666666666666667
62,NO,0.2666666666666667
62,NO2,0.2666666666666667
62,NOX,0.3111111111111111
62,PM10,0.4222222222222222
62,PM2.5,0.35555555555555557
62,SO2,0.3111111111111111
63,CO,0.4444444444444444
63,NO,0.7111111111111111
63,NO2,0.7777777777777778
63,NOX,0.8222222222222223
63,PM10,0.5777777777777778
63,PM2.5,0.5777777777777778
63,SO2,0.3777777777777778
64,CO,0.6000000000000001
64,NO,0.6888888888888889
64,NO2,0.6888888888888889
64,NOX,0.7333333333333333
64,PM10,0.8
64,PM2.5,0.8
64,SO2,0.7555555555555555
65,CO,0.6444444444444445
65,NO,0.6444444444444445
65,NO2,0.6444444444444445
65,NOX,0.6888888888888889
65,PM10,0.8
65,PM2.5,0.8
65,SO2,0.7111111111111111
66,CO,0.6444444444444445
66,NO,0.6444444444444445
66,NO2,0.6444444444444445
66,NOX,0.6888888888888889
66,PM10,0.8
66,PM2.5,0.8
66,SO2,0.7111111111111111
67,CO,0.6444444444444445
67,NO,0.6444444444444445
67,NO2,0.6444444444444445
67,NOX,0.6888888888888889
67,PM10,0.8
67,PM2.5,0.8
67,SO2,0.7111111111111111
68,CO,0.4444444444444444
68,NO,0.7111111111111111
68,NO2,0.7777777777777778
68,NOX,0.8222222222222223
68,PM10,0.5777777777777778
68,PM2.5,0.5777777777777778
68,SO2,0.3777777777777778
69,CO,0.6000000000000001
69,NO,0.6888888888888889
69,NO2,0.6888888888888889
69,NOX,0.7333333333333333
69,PM10,0.8
69,PM2.5,0.8
69,SO2,0.7555555555555555
70,CO,0.3111111111111111
70,NO,0.4444444444444444
70,NO2,0.4444444444444444
70,NOX,0.4444444444444444
70,PM10,0.7333333333333334
70,PM2.5,0.6000000000000001
70,SO2,0.2444444444444444
71,CO,0.6000000000000001
71,NO,0.6000000000000001
71,NO2,0.6000000000000001
71,NOX,0.6444444444444445
71,PM10,0.6666666666666666
71,PM2.5,0.6666666666666666
71,SO2,0.6222222222222222
72,CO,0.4444444444444444
72,NO,0.7111111111111111
72,NO2,0.7777777777777778
72,NOX,0.8222222222222223
72,PM10,0.5777777777777778
72,PM2.5,0.5777777777777778
72,SO2,0.3777777777777778
73,CO,0.4444444444444444
73,NO,0.7111111111111111
73,NO2,0.7777777777777778
73,NOX,0.8222222222222223
73,PM10,0.5777777777777778
73,PM2.5,0.5777777777777778
73,SO2,0.3777777777777778
74,CO,0.6444444444444445
74,NO,0.6444444444444445
74,NO2,0.6444444444444445
74,NOX,0.6888888888888889
74,PM10,0.8
74,PM2.5,0.8
74,SO2,0.7111111111111111
75,CO,0.5777777777777778
75,NO,0.7777777777777778
75,NO2,0.7111111111111111
75,NOX,0.7555555555555555
75,PM10,0.8444444444444444
75,PM2.5,0.8444444444444444
75,SO2,0.7777777777777778
76,CO,0.5777777777777778
76,NO,0.7777777777777778
76,NO2,0.7111111111111111
76,NOX,0.7555555555555555
76,PM10,0.8444444444444444
76,PM2.5,0.8444444444444444
76,SO2,0.7777777777777778
77,CO,0.6444444444444445
77,NO,0.6444444444444445
77,NO2,0.6444444444444445
77,NOX,0.6888888888888889
77,PM10,0.8
77,PM2.5,0.8
77,SO2,0.7111111111111111
78,CO,0.5333333333333334
78,NO,0.7555555555555555
78,NO2,0.7555555555555555
78,NOX,0.7999999999999999
78,PM10,0.8
78,PM2.5,0.8
78,SO2,0.5555555555555556
79,CO,0.5777777777777778
79,NO,0.7777777777777778
79,NO2,0.7111111111111111
79,NOX,0.7555555555555555
79,PM10,0.8444444444444444
79,PM2.5,0.8444444444444444
79,SO2,0.7777777777777778
80,CO,0.6444444444444445
80,NO,0.6444444444444445
80,NO2,0.6444444444444445
80,NOX,0.6888888888888889
80,PM10,0.8
80,PM2.5,0.8
80,SO2,0.7111111111111111
81,CO,0.6444444444444445
81,NO,0.6444444444444445
81,NO2,0.6444444444444445
81,NOX,0.6888888888888889
81,PM10,0.8
81,PM2.5,0.8
81,SO2,0.7111111111111111
82,CO,0.6444444444444445
82,NO,0.6444444444444445
82,NO2,0.6444444444444445
82,NOX,0.6888888888888889
82,PM10,0.8
82,PM2.5,0.8
82,SO2,0.7111111111111111
83,CO,0.3111111111111111
83,NO,0.4444444444444444
83,NO2,0.4444444444444444
83,NOX,0.4444444444444444
83,PM10,0.7333333333333334
83,PM2.5,0.6000000000000001
83,SO2,0.2444444444444444
84,CO,0.6444444444444445
84,NO,0.7777777777777778
84,NO2,0.7777777777777778
84,NOX,0.8222222222222223
84,PM10,0.8444444444444444
84,PM2.5,0.8444444444444444
84,SO2,0.911111111111111
85,CO,0.6444444444444445
85,NO,0.6444444444444445
85,NO2,0.6444444444444445
85,NOX,0.6888888888888889
85,PM10,0.8
85,PM2.5,0.8
85,SO2,0.7111111111111111
86,CO,0.6444444444444445
86,NO,0.6444444444444445
86,NO2,0.6444444444444445
86,NOX,0.6888888888888889
86,PM10,0.8
86,PM2.5,0.8
86,SO2,0.7111111111111111
87,CO,0.6444444444444445
87,NO,0.6444444444444445
87,NO2,0.6444444444444445
87,NOX,0.6888888888888889
87,PM10,0.8
87,PM2.5,0.8
87,SO2,0.7111111111111111
88,CO,0.6444444444444445
88,NO,0.6444444444444445
88,NO2,0.6444444444444445
88,NOX,0.6888888888888889
88,PM10,0.8
88,PM2.5,0.8
88,SO2,0.7111111111111111
89,CO,0.6444444444444445
89,NO,0.6444444444444445
89,NO2,0.6444444444444445
89,NOX,0.6888888888888889
89,PM10,0.8
89,PM2.5,0.8
89,SO2,0.7111111111111111
90,CO,0.6444444444444445
90,NO,0.6444444444444445
90,NO2,0.6444444444444445
90,NOX,0.6888888888888889
90,PM10,0.8
90,PM2.5,0.8
90,SO2,0.7111111111111111
91,CO,0.6444444444444445
91,NO,0.6444444444444445
91,NO2,0.6444444444444445
91,NOX,0.6888888888888889
91,PM10,0.8
91,PM2.5,0.8
91,SO2,0.7111111111111111
92,CO,0.6444444444444445
92,NO,0.6444444444444445
92,NO2,0.6444444444444445
92,NOX,0.6888888888888889
92,PM10,0.8
92,PM2.5,0.8
92,SO2,0.7111111111111111
93,CO,0.6444444444444445
93,NO,0.6444444444444445
93,NO2,0.6444444444444445
93,NOX,0.6888888888888889
93,PM10,0.8
93,PM2.5,0.8
93,SO2,0.7111111111111111
94,CO,0.6444444444444445
94,NO,0.6444444444444445
94,NO2,0.6444444444444445
94,NOX,0.6888888888888889
94,PM10,0.8
94,PM2.5,0.8
94,SO2,0.7111111111111111
95,CO,0.6444444444444445
95,NO,0.6444444444444445
95,NO2,0.6444444444444445
95,NOX,0.6888888888888889
95,PM10,0.8
95,PM2.5,0.8
95,SO2,0.7111111111111111
96,CO,0.6444444444444445
96,NO,0.6444444444444445
96,NO2,0.6444444444444445
96,NOX,0.6888888888888889
96,PM10,0.8
96,PM2.5,0.8
96,SO2,0.7111111111111111
97,CO,0.6000000000000001
97,NO,0.6888888888888889
97,NO2,0.6888888888888889
97,NOX,0.7333333333333333
97,PM10,0.8
97,PM2.5,0.8
97,SO2,0.7555555555555555
98,CO,0.6444444444444445
98,NO,0.6444444444444445
98,NO2,0.6444444444444445
98,NOX,0.6888888888888889
98,PM10,0.8
98,PM2.5,0.8
98,SO2,0.7111111111111111
99,CO,0.6444444444444445
99,NO,0.8444444444444444
99,NO2,0.8444444444444444
99,NOX,0.8888888888888888
99,PM10,0.8
99,PM2.5,0.8
99,SO2,0.911111111111111
100,CO,0.6444444444444445
100,NO,0.6444444444444445
100,NO2,0.6444444444444445
100,NOX,0.6888888888888889
100,PM10,0.8
100,PM2.5,0.8
100,SO2,0.7111111111111111
101,CO,0.2666666666666667
101,NO,0.2666666666666667
101,NO2,0.2666666666666667
101,NOX,0.3111111111111111
101,PM10,0.4222222222222222
101,PM2.5,0.35555555555555557
101,SO2,0.3111111111111111
102,CO,0.6444444444444445
102,NO,0.6444444444444445
102,NO2,0.6444444444444445
102,NOX,0.6888888888888889
102,PM10,0.8
102,PM2.5,0.8
102,SO2,0.7111111111111111
103,CO,0.2666666666666667
103,NO,0.2666666666666667
103,NO2,0.2666666666666667
103,NOX,0.3111111111111111
103,PM10,0.4222222222222222
103,PM2.5,0.35555555555555557
103,SO2,0.3111111111111111
104,CO,0.6444444444444445
104,NO,0.6444444444444445
104,NO2,0.6444444444444445
104,NOX,0.6888888888888889
104,PM10,0.8
104,PM2.5,0.8
104,SO2,0.7111111111111111
105,CO,0.6444444444444445
105,NO,0.6444444444444445
105,NO2,0.6444444444444445
105,NOX,0.6888888888888889
105,PM10,0.8
105,PM2.5,0.8
105,SO2,0.7111111111111111
106,CO,0.6444444444444445
106,NO,0.6444444444444445
106,NO2,0.6444444444444445
106,NOX,0.6888888888888889
106,PM10,0.8
106,PM2.5,0.8
106,SO2,0.7111111111111111
107,CO,0.6444444444444445
107,NO,0.6444444444444445
107,NO2,0.6444444444444445
107,NOX,0.6888888888888889
107,PM10,0.8
107,PM2.5,0.8
107,SO2,0.7111111111111111
108,CO,0.6444444444444445
108,NO,0.6444444444444445
108,NO2,0.6444444444444445
108,NOX,0.6888888888888889
108,PM10,0.8
108,PM2.5,0.8
108,SO2,0.7111111111111111
109,CO,0.4000000000000001
109,NO,0.7555555555555555
109,NO2,0.8222222222222223
109,NOX,0.8666666666666667
109,PM10,0.5777777777777778
109,PM2.5,0.5777777777777778
109,SO2,0.4222222222222223
110,CO,0.5777777777777778
110,NO,0.7111111111111111
110,NO2,0.7111111111111111
110,NOX,0.7555555555555555
110,PM10,0.8
110,PM2.5,0.8
110,SO2,0.5111111111111111
111,CO,0.6000000000000001
111,NO,0.8888888888888888
111,NO2,0.8888888888888888
111,NOX,0.9333333333333333
111,PM10,0.8
111,PM2.5,0.8
111,SO2,0.9555555555555555
112,CO,0.6444444444444445
112,NO,0.6444444444444445
112,NO2,0.6444444444444445
112,NOX,0.6888888888888889
112,PM10,0.8
112,PM2.5,0.8
112,SO2,0.7111111111111111
113,CO,0.6444444444444445
113,NO,0.6444444444444445
113,NO2,0.6444444444444445
113,NOX,0.6888888888888889
113,PM10,0.8
113,PM2.5,0.8
113,SO2,0.7111111111111111
114,CO,0.6444444444444445
114,NO,0.6444444444444445
114,NO2,0.6444444444444445
114,NOX,0.6888888888888889
114,PM10,0.8
114,PM2.5,0.8
114,SO2,0.7111111111111111
115,CO,0.6444444444444445
115,NO,0.6444444444444445
115,NO2,0.6444444444444445
115,NOX,0.6888888888888889
115,PM10,0.8
115,PM2.5,0.8
115,SO2,0.7111111111111111
116,CO,0.4444444444444444
116,NO,0.7111111111111111
116,NO2,0.7777777777777778
116,NOX,0.8222222222222223
116,PM10,0.5777777777777778
116,PM2.5,0.5777777777777778
116,SO2,0.3777777777777778
117,CO,0.6444444444444445
117,NO,0.6444444444444445
117,NO2,0.6444444444444445
117,NOX,0.6888888888888889
117,PM10,0.8
117,PM2.5,0.8
117,SO2,0.7111111111111111
118,CO,0.4444444444444444
118,NO,0.7111111111111111
118,NO2,0.7777777777777778
118,NOX,0.8222222222222223
118,PM10,0.5777777777777778
118,PM2.5,0.5777777777777778
118,SO2,0.3777777777777778
119,CO,0.4444444444444444
119,NO,0.7111111111111111
119,NO2,0.7777777777777778
119,NOX,0.8222222222222223
119,PM10,0.5777777777777778
119,PM2.5,0.5777777777777778
119,SO2,0.3777777777777778
120,CO,0.6444444444444445
120,NO,0.6444444444444445
120,NO2,0.6444444444444445
120,NOX,0.6888888888888889
120,PM10,0.8
120,PM2.5,0.8
120,SO2,0.7111111111111111
121,CO,0.6444444444444445
121,NO,0.6444444444444445
121,NO2,0.6444444444444445
121,NOX,0.6888888888888889
121,PM10,0.8
121,PM2.5,0.8
121,SO2,0.7111111111111111
122,CO,0.4444444444444444
122,NO,0.7111111111111111
122,NO2,0.7777777777777778
122,NOX,0.8222222222222223
122,PM10,0.5777777777777778
122,PM2.5,0.5777777777777778
122,SO2,0.3777777777777778
123,CO,0.6444444444444445
123,NO,0.6444444444444445
123,NO2,0.6444444444444445
123,NOX,0.6888888888888889
123,PM10,0.8
123,PM2.5,0.8
123,SO2,0.7111111111111111
124,CO,0.3111111111111111
124,NO,0.4444444444444444
124,NO2,0.4444444444444444
124,NOX,0.4444444444444444
124,PM10,0.7333333333333334
124,PM2.5,0.6000000000000001
124,SO2,0.2444444444444444
125,CO,0.6444444444444445
125,NO,0.6444444444444445
125,NO2,0.6444444444444445
125,NOX,0.6888888888888889
125,PM10,0.8
125,PM2.5,0.8
125,SO2,0.7111111111111111
126,CO,0.6444444444444445
126,NO,0.6444444444444445
126,NO2,0.6444444444444445
126,NOX,0.6888888888888889
126,PM10,0.8
126,PM2.5,0.8
126,SO2,0.7111111111111111
127,CO,0.6444444444444445
127,NO,0.6444444444444445
127,NO2,0.6444444444444445
127,NOX,0.6888888888888889
127,PM10,0.8
127,PM2.5,0.8
127,SO2,0.7111111111111111
128,CO,0.6444444444444445
128,NO,0.6444444444444445
128,NO2,0.6444444444444445
128,NOX,0.6888888888888889
128,PM10,0.8
128,PM2.5,0.8
128,SO2,0.7111111111111111
129,CO,0.6444444444444445
129,NO,0.6444444444444445
129,NO2,0.6444444444444445
129,NOX,0.6888888888888889
129,PM10,0.8
129,PM2.5,0.8
129,SO2,0.7111111111111111
130,CO,0.6444444444444445
130,NO,0.6444444444444445
130,NO2,0.6444444444444445
130,NOX,0.6888888888888889
130,PM10,0.8
130,PM2.5,0.8
130,SO2,0.7111111111111111
131,CO,0.6000000000000001
131,NO,0.6888888888888889
131,NO2,0.6888888888888889
131,NOX,0.7333333333333333
131,PM10,0.8
131,PM2.5,0.8
131,SO2,0.7555555555555555
132,CO,0.6444444444444445
132,NO,0.6444444444444445
132,NO2,0.6444444444444445
132,NOX,0.6888888888888889
132,PM10,0.8
132,PM2.5,0.8
132,SO2,0.7111111111111111
133,CO,0.6000000000000001
133,NO,0.6888888888888889
133,NO2,0.6888888888888889
133,NOX,0.7333333333333333
133,PM10,0.8
133,PM2.5,0.8
133,SO2,0.7555555555555555
134,CO,0.6000000000000001
134,NO,0.6000000000000001
134,NO2,0.6000000000000001
134,NOX,0.6444444444444445
134,PM10,0.6666666666666666
134,PM2.5,0.6666666666666666
134,SO2,0.6222222222222222
135,CO,0.6444444444444445
135,NO,0.6444444444444445
135,NO2,0.6444444444444445
135,NOX,0.6888888888888889
135,PM10,0.8
135,PM2.5,0.8
135,SO2,0.7111111111111111
136,CO,0.6000000000000001
136,NO,0.6888888888888889
136,NO2,0.6888888888888889
136,NOX,0.7333333333333333
136,PM10,0.8
136,PM2.5,0.8
136,SO2,0.7555555555555555
137,CO,0.6444444444444445
137,NO,0.6444444444444445
137,NO2,0.6444444444444445
137,NOX,0.6888888888888889
137,PM10,0.8
137,PM2.5,0.8
137,SO2,0.7111111111111111
138,CO,0.6000000000000001
138,NO,0.6000000000000001
138,NO2,0.6000000000000001
138,NOX,0.6444444444444445
138,PM10,0.6666666666666666
138,PM2.5,0.6666666666666666
138,SO2,0.6222222222222222
139,CO,0.6000000000000001
139,NO,0.6888888888888889
139,NO2,0.6888888888888889
139,NOX,0.7333333333333333
139,PM10,0.8
139,PM2.5,0.8
139,SO2,0.7555555555555555
140,CO,0.6000000000000001
140,NO,0.6888888888888889
140,NO2,0.6888888888888889
140,NOX,0.7333333333333333
140,PM10,0.8
140,PM2.5,0.8
140,SO2,0.7555555555555555
141,CO,0.3111111111111111
141,NO,0.4444444444444444
141,NO2,0.4444444444444444
141,NOX,0.4444444444444444
141,PM10,0.7333333333333334
141,PM2.5,0.6000000000000001
141,SO2,0.2444444444444444
142,CO,0.6000000000000001
142,NO,0.6888888888888889
142,NO2,0.6888888888888889
142,NOX,0.7333333333333333
142,PM10,0.8
142,PM2.5,0.8
142,SO2,0.7555555555555555
143,CO,0.6444444444444445
143,NO,0.6444444444444445
143,NO2,0.6444444444444445
143,NOX,0.6888888888888889
143,PM10,0.8
143,PM2.5,0.8
143,SO2,0.7111111111111111
144,CO,0.6000000000000001
144,NO,0.7777777777777778
144,NO2,0.7777777777777778
144,NOX,0.8222222222222223
144,PM10,0.8444444444444444
144,PM2.5,0.7777777777777778
144,SO2,0.8666666666666667
145,CO,0.6888888888888889
145,NO,0.7333333333333333
145,NO2,0.7333333333333333
145,NOX,0.7333333333333333
145,PM10,0.8666666666666667
145,PM2.5,0.8666666666666667
145,SO2,0.7999999999999999
146,CO,0.4444444444444444
146,NO,0.7111111111111111
146,NO2,0.7777777777777778
146,NOX,0.8222222222222223
146,PM10,0.5777777777777778
146,PM2.5,0.5777777777777778
146,SO2,0.3777777777777778
147,CO,0.6444444444444445
147,NO,0.6444444444444445
147,NO2,0.6444444444444445
147,NOX,0.6888888888888889
147,PM10,0.8
147,PM2.5,0.8
147,SO2,0.7111111111111111
148,CO,0.5777777777777778
148,NO,0.7111111111111111
148,NO2,0.7111111111111111
148,NOX,0.7555555555555555
148,PM10,0.8
148,PM2.5,0.8
148,SO2,0.5111111111111111
149,CO,0.6444444444444445
149,NO,0.6444444444444445
149,NO2,0.6444444444444445
149,NOX,0.6888888888888889
149,PM10,0.8
149,PM2.5,0.8
149,SO2,0.7111111111111111
150,CO,0.5777777777777778
150,NO,0.7111111111111111
150,NO2,0.7111111111111111
150,NOX,0.7555555555555555
150,PM10,0.8
150,PM2.5,0.8
150,SO2,0.5111111111111111
151,CO,0.5777777777777778
151,NO,0.7777777777777778
151,NO2,0.7111111111111111
151,NOX,0.7555555555555555
151,PM10,0.8444444444444444
151,PM2.5,0.8444444444444444
151,SO2,0.7777777777777778
152,CO,0.6444444444444445
152,NO,0.6444444444444445
152,NO2,0.6444444444444445
152,NOX,0.6888888888888889
152,PM10,0.8
152,PM2.5,0.8
152,SO2,0.7111111111111111
153,CO,0.4444444444444444
153,NO,0.7111111111111111
153,NO2,0.7777777777777778
153,NOX,0.8222222222222223
153,PM10,0.5777777777777778
153,PM2.5,0.5777777777777778
153,SO2,0.3777777777777778
154,CO,0.6444444444444445
154,NO,0.6444444444444445
154,NO2,0.6444444444444445
154,NOX,0.6888888888888889
154,PM10,0.8
154,PM2.5,0.8
154,SO2,0.7111111111111111
155,CO,0.5777777777777778
155,NO,0.7111111111111111
155,NO2,0.7111111111111111
155,NOX,0.7555555555555555
155,PM10,0.8
155,PM2.5,0.8
155,SO2,0.5111111111111111
156,CO,0.5777777777777778
156,NO,0.7111111111111111
156,NO2,0.7111111111111111
156,NOX,0.7555555555555555
156,PM10,0.8
156,PM2.5,0.8
156,SO2,0.5111111111111111
157,CO,0.6444444444444445
157,NO,0.6444444444444445
157,NO2,0.6444444444444445
157,NOX,0.6888888888888889
157,PM10,0.8
157,PM2.5,0.8
157,SO2,0.7111111111111111
158,CO,0.6444444444444445
158,NO,0.6444444444444445
158,NO2,0.6444444444444445
158,NOX,0.6888888888888889
158,PM10,0.8
158,PM2.5,0.8
158,SO2,0.7111111111111111
159,CO,0.6444444444444445
159,NO,0.6444444444444445
159,NO2,0.6444444444444445
159,NOX,0.6888888888888889
159,PM10,0.8
159,PM2.5,0.8
159,SO2,0.7111111111111111
160,CO,0.6444444444444445
160,NO,0.6444444444444445
160,NO2,0.6444444444444445
160,NOX,0.6888888888888889
160,PM10,0.8
160,PM2.5,0.8
160,SO2,0.7111111111111111
161,CO,0.6000000000000001
161,NO,0.8888888888888888
161,NO2,0.8888888888888888
161,NOX,0.9333333333333333
161,PM10,0.8
161,PM2.5,0.8
161,SO2,0.9555555555555555
162,CO,0.6444444444444445
162,NO,0.6444444444444445
162,NO2,0.6444444444444445
162,NOX,0.6888888888888889
162,PM10,0.8
162,PM2.5,0.8
162,SO2,0.7111111111111111
164,CO,0.6444444444444445
164,NO,0.6444444444444445
164,NO2,0.6444444444444445
164,NOX,0.6888888888888889
164,PM10,0.8
164,PM2.5,0.8
164,SO2,0.7111111111111111
165,CO,0.6444444444444445
165,NO,0.6444444444444445
165,NO2,0.6444444444444445
165,NOX,0.6888888888888889
165,PM10,0.8
165,PM2.5,0.8
165,SO2,0.7111111111111111
166,CO,0.4444444444444444
166,NO,0.7111111111111111
166,NO2,0.7777777777777778
166,NOX,0.8222222222222223
166,PM10,0.5777777777777778
166,PM2.5,0.5777777777777778
166,SO2,0.3777777777777778
167,CO,0.6444444444444445
167,NO,0.6444444444444445
167,NO2,0.6444444444444445
167,NOX,0.6888888888888889
167,PM10,0.8
167,PM2.5,0.8
167,SO2,0.7111111111111111
170,CO,0.5555555555555556
170,NO,0.7555555555555555
170,NO2,0.7555555555555555
170,NOX,0.8
170,PM10,0.6666666666666666
170,PM2.5,0.6666666666666666
170,SO2,0.8222222222222222
171,CO,0.37777777777777777
171,NO,0.37777777777777777
171,NO2,0.37777777777777777
171,NOX,0.37777777777777777
171,PM10,0.7333333333333334
171,PM2.5,0.6000000000000001
171,SO2,0.4444444444444444
172,CO,0.5777777777777778
172,NO,0.7111111111111111
172,NO2,0.7111111111111111
172,NOX,0.7555555555555555
172,PM10,0.8
172,PM2.5,0.8
172,SO2,0.5111111111111111
173,CO,0.5555555555555556
173,NO,0.7555555555555555
173,NO2,0.7555555555555555
173,NOX,0.8
173,PM10,0.6666666666666666
173,PM2.5,0.6666666666666666
173,SO2,0.8222222222222222
174,CO,0.6444444444444445
174,NO,0.6444444444444445
174,NO2,0.6444444444444445
174,NOX,0.6888888888888889
174,PM10,0.8
174,PM2.5,0.8
174,SO2,0.7111111111111111
175,CO,0.48888888888888893
175,NO,0.6222222222222222
175,NO2,0.6222222222222222
175,NOX,0.6666666666666666
175,PM10,0.6666666666666666
175,PM2.5,0.6666666666666666
175,SO2,0.4222222222222222
176,CO,0.6444444444444445
176,NO,0.6444444444444445
176,NO2,0.6444444444444445
176,NOX,0.6888888888888889
176,PM10,0.8
176,PM2.5,0.8
176,SO2,0.7111111111111111
177,CO,0.48888888888888893
177,NO,0.6222222222222222
177,NO2,0.6222222222222222
177,NOX,0.6666666666666666
177,PM10,0.6666666666666666
177,PM2.5,0.6666666666666666
177,SO2,0.4222222222222222
178,CO,0.6444444444444445
178,NO,0.6444444444444445
178,NO2,0.6444444444444445
178,NOX,0.6888888888888889
178,PM10,0.8
178,PM2.5,0.8
178,SO2,0.7111111111111111
179,CO,0.6444444444444445
179,NO,0.6444444444444445
179,NO2,0.6444444444444445
179,NOX,0.6888888888888889
179,PM10,0.8
179,PM2.5,0.8
179,SO2,0.7111111111111111
180,CO,0.2666666666666667
180,NO,0.2666666666666667
180,NO2,0.2666666666666667
180,NOX,0.3111111111111111
180,PM10,0.4222222222222222
180,PM2.5,0.35555555555555557
180,SO2,0.3111111111111111
181,CO,0.35555555555555557
181,NO,0.6222222222222222
181,NO2,0.6888888888888889
181,NOX,0.7333333333333334
181,PM10,0.4444444444444444
181,PM2.5,0.4444444444444444
181,SO2,0.2888888888888889
182,CO,0.2666666666666667
182,NO,0.2666666666666667
182,NO2,0.2666666666666667
182,NOX,0.3111111111111111
182,PM10,0.4222222222222222
182,PM2.5,0.35555555555555557
182,SO2,0.3111111111111111
183,CO,0.044444444444444446
183,NO,0.1111111111111111
183,NO2,0.1111111111111111
183,NOX,0.1111111111111111
183,PM10,0.8666666666666667
183,PM2.5,0.6888888888888889
183,SO2,0.1111111111111111
184,CO,0.5333333333333334
184,NO,0.7111111111111111
184,NO2,0.7111111111111111
184,NOX,0.7555555555555555
184,PM10,0.8
184,PM2.5,0.7333333333333334
184,SO2,0.4666666666666667
185,CO,0.6444444444444445
185,NO,0.6444444444444445
185,NO2,0.6444444444444445
185,NOX,0.6888888888888889
185,PM10,0.8
185,PM2.5,0.8
185,SO2,0.7111111111111111
186,CO,0.3111111111111111
186,NO,0.3777777777777778
186,NO2,0.3777777777777778
186,NOX,0.4222222222222223
186,PM10,0.9333333333333333
186,PM2.5,0.8888888888888888
186,SO2,0.3777777777777778
187,CO,0.48888888888888893
187,NO,0.6222222222222222
187,NO2,0.6222222222222222
187,NOX,0.6666666666666666
187,PM10,0.6666666666666666
187,PM2.5,0.6666666666666666
187,SO2,0.4222222222222222
188,CO,0.3111111111111111
188,NO,0.3777777777777778
188,NO2,0.3777777777777778
188,NOX,0.4222222222222223
188,PM10,0.9333333333333333
188,PM2.5,0.8888888888888888
188,SO2,0.3777777777777778
189,CO,0.6444444444444445
189,NO,0.6444444444444445
189,NO2,0.6444444444444445
189,NOX,0.6888888888888889
189,PM10,0.8
189,PM2.5,0.8
189,SO2,0.7111111111111111
190,CO,0.6444444444444445
190,NO,0.6444444444444445
190,NO2,0.6444444444444445
190,NOX,0.6888888888888889
190,PM10,0.8
190,PM2.5,0.8
190,SO2,0.7111111111111111
191,CO,0.8444444444444444
191,NO,0.5777777777777778
191,NO2,0.5777777777777778
191,NOX,0.6222222222222222
191,PM10,0.8888888888888888
191,PM2.5,0.8888888888888888
191,SO2,0.4444444444444444
192,CO,0.6444444444444445
192,NO,0.6444444444444445
192,NO2,0.6444444444444445
192,NOX,0.6888888888888889
192,PM10,0.8
192,PM2.5,0.8
192,SO2,0.7111111111111111
193,CO,0.6444444444444445
193,NO,0.6444444444444445
193,NO2,0.6444444444444445
193,NOX,0.6888888888888889
193,PM10,0.8
193,PM2.5,0.8
193,SO2,0.7111111111111111
194,CO,0.6444444444444445
194,NO,0.6444444444444445
194,NO2,0.6444444444444445
194,NOX,0.6888888888888889
194,PM10,0.8
194,PM2.5,0.8
194,SO2,0.7111111111111111
195,CO,0.6444444444444445
195,NO,0.6444444444444445
195,NO2,0.6444444444444445
195,NOX,0.6888888888888889
195,PM10,0.8
195,PM2.5,0.8
195,SO2,0.7111111111111111
196,CO,0.5777777777777778
196,NO,0.7111111111111111
196,NO2,0.7111111111111111
196,NOX,0.7555555555555555
196,PM10,0.8
196,PM2.5,0.8
196,SO2,0.6444444444444445
197,CO,0.5777777777777778
197,NO,0.7111111111111111
197,NO2,0.7111111111111111
197,NOX,0.7555555555555555
197,PM10,0.8
197,PM2.5,0.8
197,SO2,0.6444444444444445
198,CO,0.6444444444444445
198,NO,0.6444444444444445
198,NO2,0.6444444444444445
198,NOX,0.6888888888888889
198,PM10,0.8
198,PM2.5,0.8
198,SO2,0.7111111111111111
199,CO,0.6444444444444445
199,NO,0.6444444444444445
199,NO2,0.6444444444444445
199,NOX,0.6888888888888889
199,PM10,0.8
199,PM2.5,0.8
199,SO2,0.7111111111111111
200,CO,0.5777777777777778
200,NO,0.7111111111111111
200,NO2,0.7111111111111111
200,NOX,0.7555555555555555
200,PM10,0.8
200,PM2.5,0.8
200,SO2,0.7111111111111111
202,CO,0.6444444444444445
202,NO,0.6444444444444445
202,NO2,0.6444444444444445
202,NOX,0.6888888888888889
202,PM10,0.8
202,PM2.5,0.8
202,SO2,0.7111111111111111
203,CO,0.37777777777777777
203,NO,0.5777777777777778
203,NO2,0.5777777777777778
203,NOX,0.5777777777777778
203,PM10,0.7333333333333334
203,PM2.5,0.6000000000000001
203,SO2,0.6444444444444444
204,CO,0.6444444444444445
204,NO,0.6444444444444445
204,NO2,0.6444444444444445
204,NOX,0.6888888888888889
204,PM10,0.8
204,PM2.5,0.8
204,SO2,0.7111111111111111
205,CO,0.4444444444444444
205,NO,0.7111111111111111
205,NO2,0.7777777777777778
205,NOX,0.8222222222222223
205,PM10,0.5777777777777778
205,PM2.5,0.5777777777777778
205,SO2,0.3777777777777778
206,CO,0.6444444444444445
206,NO,0.6444444444444445
206,NO2,0.6444444444444445
206,NOX,0.6888888888888889
206,PM10,0.8
206,PM2.5,0.8
206,SO2,0.7111111111111111
207,CO,0.4444444444444444
207,NO,0.7111111111111111
207,NO2,0.7777777777777778
207,NOX,0.8222222222222223
207,PM10,0.5777777777777778
207,PM2.5,0.5777777777777778
207,SO2,0.3777777777777778
208,CO,0.5777777777777778
208,NO,0.7111111111111111
208,NO2,0.7111111111111111
208,NOX,0.7555555555555555
208,PM10,0.8
208,PM2.5,0.8
208,SO2,0.5111111111111111
209,CO,0.6444444444444445
209,NO,0.6444444444444445
209,NO2,0.6444444444444445
209,NOX,0.6888888888888889
209,PM10,0.8
209,PM2.5,0.8
209,SO2,0.7111111111111111
210,CO,0.6000000000000001
210,NO,0.6888888888888889
210,NO2,0.6888888888888889
210,NOX,0.7333333333333333
210,PM10,0.8
210,PM2.5,0.8
210,SO2,0.7555555555555555
211,CO,0.6444444444444445
211,NO,0.6444444444444445
211,NO2,0.6444444444444445
211,NOX,0.6888888888888889
211,PM10,0.8
211,PM2.5,0.8
211,SO2,0.7111111111111111
212,CO,0.2666666666666667
212,NO,0.4222222222222223
212,NO2,0.4222222222222223
212,NOX,0.4666666666666667
212,PM10,0.9333333333333333
212,PM2.5,0.8888888888888888
212,SO2,0.4222222222222223
213,CO,0.6000000000000001
213,NO,0.6000000000000001
213,NO2,0.6000000000000001
213,NOX,0.6444444444444445
213,PM10,0.6666666666666666
213,PM2.5,0.6666666666666666
213,SO2,0.6222222222222222
214,CO,0.6888888888888889
214,NO,0.7333333333333333
214,NO2,0.7333333333333333
214,NOX,0.7333333333333333
214,PM10,0.8666666666666667
214,PM2.5,0.8666666666666667
214,SO2,0.7999999999999999
215,CO,0.6444444444444445
215,NO,0.6444444444444445
215,NO2,0.6444444444444445
215,NOX,0.6888888888888889
215,PM10,0.8
215,PM2.5,0.8
215,SO2,0.7111111111111111
216,CO,0.6444444444444445
216,NO,0.6444444444444445
216,NO2,0.6444444444444445
216,NOX,0.6888888888888889
216,PM10,0.8
216,PM2.5,0.8
216,SO2,0.7111111111111111
217,CO,0.6444444444444445
217,NO,0.6444444444444445
217,NO2,0.6444444444444445
217,NOX,0.6888888888888889
217,PM10,0.8
217,PM2.5,0.8
217,SO2,0.7111111111111111
218,CO,0.6444444444444445
218,NO,0.6444444444444445
218,NO2,0.6444444444444445
218,NOX,0.6888888888888889
218,PM10,0.8
218,PM2.5,0.8
218,SO2,0.7111111111111111
219,CO,0.6444444444444445
219,NO,0.6444444444444445
219,NO2,0.6444444444444445
219,NOX,0.6888888888888889
219,PM10,0.8
219,PM2.5,0.8
219,SO2,0.7111111111111111
220,CO,0.6444444444444445
220,NO,0.6444444444444445
220,NO2,0.6444444444444445
220,NOX,0.6888888888888889
220,PM10,0.8
220,PM2.5,0.8
220,SO2,0.7111111111111111
221,CO,0.17777777777777778
221,NO,0.24444444444444446
221,NO2,0.20000000000000004
221,NOX,0.2888888888888889
221,PM10,0.7333333333333333
221,PM2.5,0.6888888888888889
221,SO2,0.24444444444444446
222,CO,0.2666666666666667
222,NO,0.2666666666666667
222,NO2,0.2666666666666667
222,NOX,0.3111111111111111
222,PM10,0.4222222222222222
222,PM2.5,0.35555555555555557
222,SO2,0.3111111111111111
223,CO,0.6000000000000001
223,NO,0.6888888888888889
223,NO2,0.6888888888888889
223,NOX,0.7333333333333333
223,PM10,0.8
223,PM2.5,0.8
223,SO2,0.7555555555555555
224,CO,0.2666666666666667
224,NO,0.2666666666666667
224,NO2,0.2666666666666667
224,NOX,0.3111111111111111
224,PM10,0.4222222222222222
224,PM2.5,0.35555555555555557
224,SO2,0.3111111111111111
225,CO,0.2666666666666667
225,NO,0.2666666666666667
225,NO2,0.2666666666666667
225,NOX,0.3111111111111111
225,PM10,0.4222222222222222
225,PM2.5,0.35555555555555557
225,SO2,0.3111111111111111
226,CO,0.2666666666666667
226,NO,0.2666666666666667
226,NO2,0.2666666666666667
226,NOX,0.3111111111111111
226,PM10,0.4222222222222222
226,PM2.5,0.35555555555555557
226,SO2,0.3111111111111111
227,CO,0.2666666666666667
227,NO,0.2666666666666667
227,NO2,0.2666666666666667
227,NOX,0.3111111111111111
227,PM10,0.4222222222222222
227,PM2.5,0.35555555555555557
227,SO2,0.3111111111111111
228,CO,0.2666666666666667
228,NO,0.2666666666666667
228,NO2,0.2666666666666667
228,NOX,0.3111111111111111
228,PM10,0.4222222222222222
228,PM2.5,0.35555555555555557
228,SO2,0.3111111111111111
229,CO,0.2666666666666667
229,NO,0.2666666666666667
229,NO2,0.2666666666666667
229,NOX,0.3111111111111111
229,PM10,0.4222222222222222
229,PM2.5,0.35555555555555557
229,SO2,0.3111111111111111
230,CO,0.2666666666666667
230,NO,0.2666666666666667
230,NO2,0.2666666666666667
230,NOX,0.3111111111111111
230,PM10,0.4222222222222222
230,PM2.5,0.35555555555555557
230,SO2,0.3111111111111111
231,CO,0.2666666666666667
231,NO,0.2666666666666667
231,NO2,0.2666666666666667
231,NOX,0.3111111111111111
231,PM10,0.4222222222222222
231,PM2.5,0.35555555555555557
231,SO2,0.3111111111111111
232,CO,0.2666666666666667
232,NO,0.2666666666666667
232,NO2,0.2666666666666667
232,NOX,0.3111111111111111
232,PM10,0.4222222222222222
232,PM2.5,0.35555555555555557
232,SO2,0.3111111111111111
233,CO,0.2666666666666667
233,NO,0.2666666666666667
233,NO2,0.2666666666666667
233,NOX,0.3111111111111111
233,PM10,0.4222222222222222
233,PM2.5,0.35555555555555557
233,SO2,0.3111111111111111
234,CO,0.2666666666666667
234,NO,0.2666666666666667
234,NO2,0.2666666666666667
234,NOX,0.3111111111111111
234,PM10,0.4222222222222222
234,PM2.5,0.35555555555555557
234,SO2,0.3111111111111111
235,CO,0.2666666666666667
235,NO,0.2666666666666667
235,NO2,0.2666666666666667
235,NOX,0.3111111111111111
235,PM10,0.4222222222222222
235,PM2.5,0.35555555555555557
235,SO2,0.3111111111111111
236,CO,0.2666666666666667
236,NO,0.2666666666666667
236,NO2,0.2666666666666667
236,NOX,0.3111111111111111
236,PM10,0.4222222222222222
236,PM2.5,0.35555555555555557
236,SO2,0.3111111111111111
237,CO,0.2666666666666667
237,NO,0.2666666666666667
237,NO2,0.2666666666666667
237,NOX,0.3111111111111111
237,PM10,0.4222222222222222
237,PM2.5,0.35555555555555557
237,SO2,0.3111111111111111
239,CO,0.2666666666666667
239,NO,0.2666666666666667
239,NO2,0.2666666666666667
239,NOX,0.3111111111111111
239,PM10,0.4222222222222222
239,PM2.5,0.35555555555555557
239,SO2,0.3111111111111111
240,CO,0.2666666666666667
240,NO,0.2666666666666667
240,NO2,0.2666666666666667
240,NOX,0.3111111111111111
240,PM10,0.4222222222222222
240,PM2.5,0.35555555555555557
240,SO2,0.3111111111111111
241,CO,0.2666666666666667
241,NO,0.2666666666666667
241,NO2,0.2666666666666667
241,NOX,0.3111111111111111
241,PM10,0.4222222222222222
241,PM2.5,0.35555555555555557
241,SO2,0.3111111111111111
242,CO,0.2666666666666667
242,NO,0.2666666666666667
242,NO2,0.2666666666666667
242,NOX,0.3111111111111111
242,PM10,0.4222222222222222
242,PM2.5,0.35555555555555557
242,SO2,0.3111111111111111
243,CO,0.2666666666666667
243,NO,0.2666666666666667
243,NO2,0.2666666666666667
243,NOX,0.3111111111111111
243,PM10,0.4222222222222222
243,PM2.5,0.35555555555555557
243,SO2,0.3111111111111111
244,CO,0.2666666666666667
244,NO,0.2666666666666667
244,NO2,0.2666666666666667
244,NOX,0.3111111111111111
244,PM10,0.4222222222222222
244,PM2.5,0.35555555555555557
244,SO2,0.3111111111111111
245,CO,0.2666666666666667
245,NO,0.2666666666666667
245,NO2,0.2666666666666667
245,NOX,0.3111111111111111
245,PM10,0.4222222222222222
245,PM2.5,0.35555555555555557
245,SO2,0.3111111111111111
246,CO,0.2666666666666667
246,NO,0.2666666666666667
246,NO2,0.2666666666666667
246,NOX,0.3111111111111111
246,PM10,0.4222222222222222
246,PM2.5,0.35555555555555557
246,SO2,0.3111111111111111
247,CO,0.2666666666666667
247,NO,0.2666666666666667
247,NO2,0.2666666666666667
247,NOX,0.3111111111111111
247,PM10,0.4222222222222222
247,PM2.5,0.35555555555555557
247,SO2,0.3111111111111111
248,CO,0.2666666666666667
248,NO,0.2666666666666667
248,NO2,0.2666666666666667
248,NOX,0.3111111111111111
248,PM10,0.4222222222222222
248,PM2.5,0.35555555555555557
248,SO2,0.3111111111111111
249,CO,0.2666666666666667
249,NO,0.2666666666666667
249,NO2,0.2666666666666667
249,NOX,0.3111111111111111
249,PM10,0.4222222222222222
249,PM2.5,0.35555555555555557
249,SO2,0.3111111111111111
250,CO,0.2666666666666667
250,NO,0.2666666666666667
250,NO2,0.2666666666666667
250,NOX,0.3111111111111111
250,PM10,0.4222222222222222
250,PM2.5,0.35555555555555557
250,SO2,0.3111111111111111
251,CO,0.2666666666666667
251,NO,0.2666666666666667
251,NO2,0.2666666666666667
251,NOX,0.3111111111111111
251,PM10,0.4222222222222222
251,PM2.5,0.35555555555555557
251,SO2,0.3111111111111111
252,CO,0.2666666666666667
252,NO,0.2666666666666667
252,NO2,0.2666666666666667
252,NOX,0.3111111111111111
252,PM10,0.4222222222222222
252,PM2.5,0.35555555555555557
252,SO2,0.3111111111111111
253,CO,0.2666666666666667
253,NO,0.2666666666666667
253,NO2,0.2666666666666667
253,NOX,0.3111111111111111
253,PM10,0.4222222222222222
253,PM2.5,0.35555555555555557
253,SO2,0.3111111111111111
254,CO,0.2666666666666667
254,NO,0.2666666666666667
254,NO2,0.2666666666666667
254,NOX,0.3111111111111111
254,PM10,0.4222222222222222
254,PM2.5,0.35555555555555557
254,SO2,0.3111111111111111
255,CO,0.2666666666666667
255,NO,0.2666666666666667
255,NO2,0.2666666666666667
255,NOX,0.3111111111111111
255,PM10,0.4222222222222222
255,PM2.5,0.35555555555555557
255,SO2,0.3111111111111111
256,CO,0.2666666666666667
256,NO,0.2666666666666667
256,NO2,0.2666666666666667
256,NOX,0.3111111111111111
256,PM10,0.4222222222222222
256,PM2.5,0.35555555555555557
256,SO2,0.3111111111111111
257,CO,0.2666666666666667
257,NO,0.2666666666666667
257,NO2,0.2666666666666667
257,NOX,0.3111111111111111
257,PM10,0.4222222222222222
257,PM2.5,0.35555555555555557
257,SO2,0.3111111111111111
258,CO,0.2666666666666667
258,NO,0.2666666666666667
258,NO2,0.2666666666666667
258,NOX,0.3111111111111111
258,PM10,0.4222222222222222
258,PM2.5,0.35555555555555557
258,SO2,0.3111111111111111
259,CO,0.2666666666666667
259,NO,0.2666666666666667
259,NO2,0.2666666666666667
259,NOX,0.3111111111111111
259,PM10,0.4222222222222222
259,PM2.5,0.35555555555555557
259,SO2,0.3111111111111111
260,CO,0.2666666666666667
260,NO,0.2666666666666667
260,NO2,0.2666666666666667
260,NOX,0.3111111111111111
260,PM10,0.4222222222222222
260,PM2.5,0.35555555555555557
260,SO2,0.3111111111111111
261,CO,0.2666666666666667
261,NO,0.2666666666666667
261,NO2,0.2666666666666667
261,NOX,0.3111111111111111
261,PM10,0.4222222222222222
261,PM2.5,0.35555555555555557
261,SO2,0.3111111111111111
262,CO,0.2666666666666667
262,NO,0.2666666666666667
262,NO2,0.2666666666666667
262,NOX,0.3111111111111111
262,PM10,0.4222222222222222
262,PM2.5,0.35555555555555557
262,SO2,0.3111111111111111
263,CO,0.2666666666666667
263,NO,0.2666666666666667
263,NO2,0.2666666666666667
263,NOX,0.3111111111111111
263,PM10,0.4222222222222222
263,PM2.5,0.35555555555555557
263,SO2,0.3111111111111111
264,CO,0.2666666666666667
264,NO,0.2666666666666667
264,NO2,0.2666666666666667
264,NOX,0.3111111111111111
264,PM10,0.4222222222222222
264,PM2.5,0.35555555555555557
264,SO2,0.3111111111111111
265,CO,0.2666666666666667
265,NO,0.2666666666666667
265,NO2,0.2666666666666667
265,NOX,0.3111111111111111
265,PM10,0.4222222222222222
265,PM2.5,0.35555555555555557
265,SO2,0.3111111111111111
266,CO,0.2666666666666667
266,NO,0.2666666666666667
266,NO2,0.2666666666666667
266,NOX,0.3111111111111111
266,PM10,0.4222222222222222
266,PM2.5,0.35555555555555557
266,SO2,0.3111111111111111
267,CO,0.2666666666666667
267,NO,0.2666666666666667
267,NO2,0.2666666666666667
267,NOX,0.3111111111111111
267,PM10,0.4222222222222222
267,PM2.5,0.35555555555555557
267,SO2,0.3111111111111111
268,CO,0.2666666666666667
268,NO,0.2666666666666667
268,NO2,0.2666666666666667
268,NOX,0.3111111111111111
268,PM10,0.4222222222222222
268,PM2.5,0.35555555555555557
268,SO2,0.3111111111111111
269,CO,0.2666666666666667
269,NO,0.2666666666666667
269,NO2,0.2666666666666667
269,NOX,0.3111111111111111
269,PM10,0.4222222222222222
269,PM2.5,0.35555555555555557
269,SO2,0.3111111111111111
270,CO,0.2666666666666667
270,NO,0.2666666666666667
270,NO2,0.2666666666666667
270,NOX,0.3111111111111111
270,PM10,0.4222222222222222
270,PM2.5,0.35555555555555557
270,SO2,0.3111111111111111
271,CO,0.2666666666666667
271,NO,0.2666666666666667
271,NO2,0.2666666666666667
271,NOX,0.3111111111111111
271,PM10,0.4222222222222222
271,PM2.5,0.35555555555555557
271,SO2,0.3111111111111111
272,CO,0.2666666666666667
272,NO,0.2666666666666667
272,NO2,0.2666666666666667
272,NOX,0.3111111111111111
272,PM10,0.4222222222222222
272,PM2.5,0.35555555555555557
272,SO2,0.3111111111111111
273,CO,0.2666666666666667
273,NO,0.2666666666666667
273,NO2,0.2666666666666667
273,NOX,0.3111111111111111
273,PM10,0.4222222222222222
273,PM2.5,0.35555555555555557
273,SO2,0.3111111111111111
274,CO,0.2666666666666667
274,NO,0.2666666666666667
274,NO2,0.2666666666666667
274,NOX,0.3111111111111111
274,PM10,0.4222222222222222
274,PM2.5,0.35555555555555557
274,SO2,0.3111111111111111
275,CO,0.2666666666666667
275,NO,0.2666666666666667
275,NO2,0.2666666666666667
275,NOX,0.3111111111111111
275,PM10,0.4222222222222222
275,PM2.5,0.35555555555555557
275,SO2,0.3111111111111111
276,CO,0.2666666666666667
276,NO,0.2666666666666667
276,NO2,0.2666666666666667
276,NOX,0.3111111111111111
276,PM10,0.4222222222222222
276,PM2.5,0.35555555555555557
276,SO2,0.3111111111111111
277,CO,0.2666666666666667
277,NO,0.2666666666666667
277,NO2,0.2666666666666667
277,NOX,0.3111111111111111
277,PM10,0.4222222222222222
277,PM2.5,0.35555555555555557
277,SO2,0.3111111111111111
278,CO,0.2666666666666667
278,NO,0.2666666666666667
278,NO2,0.2666666666666667
278,NOX,0.3111111111111111
278,PM10,0.4222222222222222
278,PM2.5,0.35555555555555557
278,SO2,0.3111111111111111
279,CO,0.2666666666666667
279,NO,0.2666666666666667
279,NO2,0.2666666666666667
279,NOX,0.3111111111111111
279,PM10,0.4222222222222222
279,PM2.5,0.35555555555555557
279,SO2,0.3111111111111111
280,CO,0.2666666666666667
280,NO,0.2666666666666667
280,NO2,0.2666666666666667
280,NOX,0.3111111111111111
280,PM10,0.4222222222222222
280,PM2.5,0.35555555555555557
280,SO2,0.3111111111111111
281,CO,0.2666666666666667
281,NO,0.2666666666666667
281,NO2,0.2666666666666667
281,NOX,0.3111111111111111
281,PM10,0.4222222222222222
281,PM2.5,0.35555555555555557
281,SO2,0.3111111111111111
282,CO,0.2666666666666667
282,NO,0.2666666666666667
282,NO2,0.2666666666666667
282,NOX,0.3111111111111111
282,PM10,0.4222222222222222
282,PM2.5,0.35555555555555557
282,SO2,0.3111111111111111
283,CO,0.2666666666666667
283,NO,0.2666666666666667
283,NO2,0.2666666666666667
283,NOX,0.3111111111111111
283,PM10,0.4222222222222222
283,PM2.5,0.35555555555555557
283,SO2,0.3111111111111111
284,CO,0.2666666666666667
284,NO,0.2666666666666667
284,NO2,0.2666666666666667
284,NOX,0.3111111111111111
284,PM10,0.4222222222222222
284,PM2.5,0.35555555555555557
284,SO2,0.3111111111111111
285,CO,0.2666666666666667
285,NO,0.2666666666666667
285,NO2,0.2666666666666667
285,NOX,0.3111111111111111
285,PM10,0.4222222222222222
285,PM2.5,0.35555555555555557
285,SO2,0.3111111111111111
286,CO,0.2666666666666667
286,NO,0.2666666666666667
286,NO2,0.2666666666666667
286,NOX,0.3111111111111111
286,PM10,0.4222222222222222
286,PM2.5,0.35555555555555557
286,SO2,0.3111111111111111
287,CO,0.2666666666666667
287,NO,0.2666666666666667
287,NO2,0.2666666666666667
287,NOX,0.3111111111111111
287,PM10,0.4222222222222222
287,PM2.5,0.35555555555555557
287,SO2,0.3111111111111111
288,CO,0.2666666666666667
288,NO,0.2666666666666667
288,NO2,0.2666666666666667
288,NOX,0.3111111111111111
288,PM10,0.4222222222222222
288,PM2.5,0.35555555555555557
288,SO2,0.3111111111111111
289,CO,0.2666666666666667
289,NO,0.2666666666666667
289,NO2,0.2666666666666667
289,NOX,0.3111111111111111
289,PM10,0.4222222222222222
289,PM2.5,0.35555555555555557
289,SO2,0.3111111111111111
290,CO,0.2666666666666667
290,NO,0.2666666666666667
290,NO2,0.2666666666666667
290,NOX,0.3111111111111111
290,PM10,0.4222222222222222
290,PM2.5,0.35555555555555557
290,SO2,0.3111111111111111
291,CO,0.2666666666666667
291,NO,0.2666666666666667
291,NO2,0.2666666666666667
291,NOX,0.3111111111111111
291,PM10,0.4222222222222222
291,PM2.5,0.35555555555555557
291,SO2,0.3111111111111111
292,CO,0.2666666666666667
292,NO,0.2666666666666667
292,NO2,0.2666666666666667
292,NOX,0.3111111111111111
292,PM10,0.4222222222222222
292,PM2.5,0.35555555555555557
292,SO2,0.3111111111111111
293,CO,0.2666666666666667
293,NO,0.2666666666666667
293,NO2,0.2666666666666667
293,NOX,0.3111111111111111
293,PM10,0.4222222222222222
293,PM2.5,0.35555555555555557
293,SO2,0.3111111111111111
294,CO,0.2666666666666667
294,NO,0.2666666666666667
294,NO2,0.2666666666666667
294,NOX,0.3111111111111111
294,PM10,0.4222222222222222
294,PM2.5,0.35555555555555557
294,SO2,0.3111111111111111
295,CO,0.2666666666666667
295,NO,0.2666666666666667
295,NO2,0.2666666666666667
295,NOX,0.3111111111111111
295,PM10,0.4222222222222222
295,PM2.5,0.35555555555555557
295,SO2,0.3111111111111111
296,CO,0.2666666666666667
296,NO,0.2666666666666667
296,NO2,0.2666666666666667
296,NOX,0.3111111111111111
296,PM10,0.4222222222222222
296,PM2.5,0.35555555555555557
296,SO2,0.3111111111111111
297,CO,0.2666666666666667
297,NO,0.2666666666666667
297,NO2,0.2666666666666667
297,NOX,0.3111111111111111
297,PM10,0.4222222222222222
297,PM2.5,0.35555555555555557
297,SO2,0.3111111111111111
298,CO,0.2666666666666667
298,NO,0.2666666666666667
298,NO2,0.2666666666666667
298,NOX,0.3111111111111111
298,PM10,0.4222222222222222
298,PM2.5,0.35555555555555557
298,SO2,0.3111111111111111
299,CO,0.2666666666666667
299,NO,0.2666666666666667
299,NO2,0.2666666666666667
299,NOX,0.3111111111111111
299,PM10,0.4222222222222222
299,PM2.5,0.35555555555555557
299,SO2,0.3111111111111111
300,CO,0.2666666666666667
300,NO,0.2666666666666667
300,NO2,0.2666666666666667
300,NOX,0.3111111111111111
300,PM10,0.4222222222222222
300,PM2.5,0.35555555555555557
300,SO2,0.3111111111111111
301,CO,0.2666666666666667
301,NO,0.2666666666666667
301,NO2,0.2666666666666667
301,NOX,0.3111111111111111
301,PM10,0.4222222222222222
301,PM2.5,0.35555555555555557
301,SO2,0.3111111111111111
302,CO,0.2666666666666667
302,NO,0.2666666666666667
302,NO2,0.2666666666666667
302,NOX,0.3111111111111111
302,PM10,0.4222222222222222
302,PM2.5,0.35555555555555557
302,SO2,0.3111111111111111
303,CO,0.2666666666666667
303,NO,0.2666666666666667
303,NO2,0.2666666666666667
303,NOX,0.3111111111111111
303,PM10,0.4222222222222222
303,PM2.5,0.35555555555555557
303,SO2,0.3111111111111111
304,CO,0.2666666666666667
304,NO,0.2666666666666667
304,NO2,0.2666666666666667
304,NOX,0.3111111111111111
304,PM10,0.4222222222222222
304,PM2.5,0.35555555555555557
304,SO2,0.3111111111111111
305,CO,0.2666666666666667
305,NO,0.2666666666666667
305,NO2,0.2666666666666667
305,NOX,0.3111111111111111
305,PM10,0.4222222222222222
305,PM2.5,0.35555555555555557
305,SO2,0.3111111111111111
306,CO,0.2666666666666667
306,NO,0.2666666666666667
306,NO2,0.2666666666666667
306,NOX,0.3111111111111111
306,PM10,0.4222222222222222
306,PM2.5,0.35555555555555557
306,SO2,0.3111111111111111
307,CO,0.2666666666666667
307,NO,0.2666666666666667
307,NO2,0.2666666666666667
307,NOX,0.3111111111111111
307,PM10,0.4222222222222222
307,PM2.5,0.35555555555555557
307,SO2,0.3111111111111111
308,CO,0.2666666666666667
308,NO,0.2666666666666667
308,NO2,0.2666666666666667
308,NOX,0.3111111111111111
308,PM10,0.4222222222222222
308,PM2.5,0.35555555555555557
308,SO2,0.3111111111111111
309,CO,0.2666666666666667
309,NO,0.2666666666666667
309,NO2,0.2666666666666667
309,NOX,0.3111111111111111
309,PM10,0.4222222222222222
309,PM2.5,0.35555555555555557
309,SO2,0.3111111111111111
310,CO,0.2666666666666667
310,NO,0.2666666666666667
310,NO2,0.2666666666666667
310,NOX,0.3111111111111111
310,PM10,0.4222222222222222
310,PM2.5,0.35555555555555557
310,SO2,0.3111111111111111
311,CO,0.2666666666666667
311,NO,0.2666666666666667
311,NO2,0.2666666666666667
311,NOX,0.3111111111111111
311,PM10,0.4222222222222222
311,PM2.5,0.35555555555555557
311,SO2,0.3111111111111111
312,CO,0.2666666666666667
312,NO,0.2666666666666667
312,NO2,0.2666666666666667
312,NOX,0.3111111111111111
312,PM10,0.4222222222222222
312,PM2.5,0.35555555555555557
312,SO2,0.3111111111111111
313,CO,0.2666666666666667
313,NO,0.2666666666666667
313,NO2,0.2666666666666667
313,NOX,0.3111111111111111
313,PM10,0.4222222222222222
313,PM2.5,0.35555555555555557
313,SO2,0.3111111111111111
314,CO,0.2666666666666667
314,NO,0.2666666666666667
314,NO2,0.2666666666666667
314,NOX,0.3111111111111111
314,PM10,0.4222222222222222
314,PM2.5,0.35555555555555557
314,SO2,0.3111111111111111
315,CO,0.2666666666666667
315,NO,0.2666666666666667
315,NO2,0.2666666666666667
315,NOX,0.3111111111111111
315,PM10,0.4222222222222222
315,PM2.5,0.35555555555555557
315,SO2,0.3111111111111111
316,CO,0.2666666666666667
316,NO,0.2666666666666667
316,NO2,0.2666666666666667
316,NOX,0.3111111111111111
316,PM10,0.4222222222222222
316,PM2.5,0.35555555555555557
316,SO2,0.3111111111111111
317,CO,0.2666666666666667
317,NO,0.2666666666666667
317,NO2,0.2666666666666667
317,NOX,0.3111111111111111
317,PM10,0.4222222222222222
317,PM2.5,0.35555555555555557
317,SO2,0.3111111111111111
318,CO,0.2666666666666667
318,NO,0.2666666666666667
318,NO2,0.2666666666666667
318,NOX,0.3111111111111111
318,PM10,0.4222222222222222
318,PM2.5,0.35555555555555557
318,SO2,0.3111111111111111
319,CO,0.2666666666666667
319,NO,0.2666666666666667
319,NO2,0.2666666666666667
319,NOX,0.3111111111111111
319,PM10,0.4222222222222222
319,PM2.5,0.35555555555555557
319,SO2,0.3111111111111111
320,CO,0.2666666666666667
320,NO,0.2666666666666667
320,NO2,0.2666666666666667
320,NOX,0.3111111111111111
320,PM10,0.4222222222222222
320,PM2.5,0.35555555555555557
320,SO2,0.3111111111111111
321,CO,0.2666666666666667
321,NO,0.2666666666666667
321,NO2,0.2666666666666667
321,NOX,0.3111111111111111
321,PM10,0.4222222222222222
321,PM2.5,0.35555555555555557
321,SO2,0.3111111111111111
322,CO,0.2666666666666667
322,NO,0.2666666666666667
322,NO2,0.2666666666666667
322,NOX,0.3111111111111111
322,PM10,0.4222222222222222
322,PM2.5,0.35555555555555557
322,SO2,0.3111111111111111
323,CO,0.2666666666666667
323,NO,0.2666666666666667
323,NO2,0.2666666666666667
323,NOX,0.3111111111111111
323,PM10,0.4222222222222222
323,PM2.5,0.35555555555555557
323,SO2,0.3111111111111111
324,CO,0.2666666666666667
324,NO,0.2666666666666667
324,NO2,0.2666666666666667
324,NOX,0.3111111111111111
324,PM10,0.4222222222222222
324,PM2.5,0.35555555555555557
324,SO2,0.3111111111111111
325,CO,0.2666666666666667
325,NO,0.2666666666666667
325,NO2,0.2666666666666667
325,NOX,0.3111111111111111
325,PM10,0.4222222222222222
325,PM2.5,0.35555555555555557
325,SO2,0.3111111111111111
326,CO,0.2666666666666667
326,NO,0.2666666666666667
326,NO2,0.2666666666666667
326,NOX,0.3111111111111111
326,PM10,0.4222222222222222
326,PM2.5,0.35555555555555557
326,SO2,0.3111111111111111
327,CO,0.2666666666666667
327,NO,0.2666666666666667
327,NO2,0.2666666666666667
327,NOX,0.3111111111111111
327,PM10,0.4222222222222222
327,PM2.5,0.35555555555555557
327,SO2,0.3111111111111111
328,CO,0.2666666666666667
328,NO,0.2666666666666667
328,NO2,0.2666666666666667
328,NOX,0.3111111111111111
328,PM10,0.4222222222222222
328,PM2.5,0.35555555555555557
328,SO2,0.3111111111111111
329,CO,0.2666666666666667
329,NO,0.2666666666666667
329,NO2,0.2666666666666667
329,NOX,0.3111111111111111
329,PM10,0.4222222222222222
329,PM2.5,0.35555555555555557
329,SO2,0.3111111111111111
330,CO,0.2666666666666667
330,NO,0.2666666666666667
330,NO2,0.2666666666666667
330,NOX,0.3111111111111111
330,PM10,0.4222222222222222
330,PM2.5,0.35555555555555557
330,SO2,0.3111111111111111
331,CO,0.2666666666666667
331,NO,0.2666666666666667
331,NO2,0.2666666666666667
331,NOX,0.3111111111111111
331,PM10,0.4222222222222222
331,PM2.5,0.35555555555555557
331,SO2,0.3111111111111111
332,CO,0.2666666666666667
332,NO,0.2666666666666667
332,NO2,0.2666666666666667
332,NOX,0.3111111111111111
332,PM10,0.4222222222222222
332,PM2.5,0.35555555555555557
332,SO2,0.3111111111111111
333,CO,0.2666666666666667
333,NO,0.2666666666666667
333,NO2,0.2666666666666667
333,NOX,0.3111111111111111
333,PM10,0.4222222222222222
333,PM2.5,0.35555555555555557
333,SO2,0.3111111111111111
334,CO,0.2666666666666667
334,NO,0.2666666666666667
334,NO2,0.2666666666666667
334,NOX,0.3111111111111111
334,PM10,0.4222222222222222
334,PM2.5,0.35555555555555557
334,SO2,0.3111111111111111
335,CO,0.2666666666666667
335,NO,0.2666666666666667
335,NO2,0.2666666666666667
335,NOX,0.3111111111111111
335,PM10,0.4222222222222222
335,PM2.5,0.35555555555555557
335,SO2,0.3111111111111111
336,CO,0.2666666666666667
336,NO,0.2666666666666667
336,NO2,0.2666666666666667
336,NOX,0.3111111111111111
336,PM10,0.4222222222222222
336,PM2.5,0.35555555555555557
336,SO2,0.3111111111111111
337,CO,0.2666666666666667
337,NO,0.2666666666666667
337,NO2,0.2666666666666667
337,NOX,0.3111111111111111
337,PM10,0.4222222222222222
337,PM2.5,0.35555555555555557
337,SO2,0.3111111111111111
338,CO,0.2666666666666667
338,NO,0.2666666666666667
338,NO2,0.2666666666666667
338,NOX,0.3111111111111111
338,PM10,0.4222222222222222
338,PM2.5,0.35555555555555557
338,SO2,0.3111111111111111
339,CO,0.2666666666666667
339,NO,0.2666666666666667
339,NO2,0.2666666666666667
339,NOX,0.3111111111111111
339,PM10,0.4222222222222222
339,PM2.5,0.35555555555555557
339,SO2,0.3111111111111111
340,CO,0.2666666666666667
340,NO,0.2666666666666667
340,NO2,0.2666666666666667
340,NOX,0.3111111111111111
340,PM10,0.4222222222222222
340,PM2.5,0.35555555555555557
340,SO2,0.3111111111111111
341,CO,0.2666666666666667
341,NO,0.2666666666666667
341,NO2,0.2666666666666667
341,NOX,0.3111111111111111
341,PM10,0.4222222222222222
341,PM2.5,0.35555555555555557
341,SO2,0.3111111111111111
342,CO,0.2666666666666667
342,NO,0.2666666666666667
342,NO2,0.2666666666666667
342,NOX,0.3111111111111111
342,PM10,0.4222222222222222
342,PM2.5,0.35555555555555557
342,SO2,0.3111111111111111
343,CO,0.2666666666666667
343,NO,0.2666666666666667
343,NO2,0.2666666666666667
343,NOX,0.3111111111111111
343,PM10,0.4222222222222222
343,PM2.5,0.35555555555555557
343,SO2,0.3111111111111111
344,CO,0.2666666666666667
344,NO,0.2666666666666667
344,NO2,0.2666666666666667
344,NOX,0.3111111111111111
344,PM10,0.4222222222222222
344,PM2.5,0.35555555555555557
344,SO2,0.3111111111111111
345,CO,0.2666666666666667
345,NO,0.2666666666666667
345,NO2,0.2666666666666667
345,NOX,0.3111111111111111
345,PM10,0.4222222222222222
345,PM2.5,0.35555555555555557
345,SO2,0.3111111111111111
346,CO,0.2666666666666667
346,NO,0.2666666666666667
346,NO2,0.2666666666666667
346,NOX,0.3111111111111111
346,PM10,0.4222222222222222
346,PM2.5,0.35555555555555557
346,SO2,0.3111111111111111
347,CO,0.2666666666666667
347,NO,0.2666666666666667
347,NO2,0.2666666666666667
347,NOX,0.3111111111111111
347,PM10,0.4222222222222222
347,PM2.5,0.35555555555555557
347,SO2,0.3111111111111111
348,CO,0.2666666666666667
348,NO,0.2666666666666667
348,NO2,0.2666666666666667
348,NOX,0.3111111111111111
348,PM10,0.4222222222222222
348,PM2.5,0.35555555555555557
348,SO2,0.3111111111111111
349,CO,0.2666666666666667
349,NO,0.2666666666666667
349,NO2,0.2666666666666667
349,NOX,0.3111111111111111
349,PM10,0.4222222222222222
349,PM2.5,0.35555555555555557
349,SO2,0.3111111111111111
350,CO,0.2666666666666667
350,NO,0.2666666666666667
350,NO2,0.2666666666666667
350,NOX,0.3111111111111111
350,PM10,0.4222222222222222
350,PM2.5,0.35555555555555557
350,SO2,0.3111111111111111
351,CO,0.2666666666666667
351,NO,0.2666666666666667
351,NO2,0.2666666666666667
351,NOX,0.3111111111111111
351,PM10,0.4222222222222222
351,PM2.5,0.35555555555555557
351,SO2,0.3111111111111111
352,CO,0.2666666666666667
352,NO,0.2666666666666667
352,NO2,0.2666666666666667
352,NOX,0.3111111111111111
352,PM10,0.4222222222222222
352,PM2.5,0.35555555555555557
352,SO2,0.3111111111111111
353,CO,0.2666666666666667
353,NO,0.2666666666666667
353,NO2,0.2666666666666667
353,NOX,0.3111111111111111
353,PM10,0.4222222222222222
353,PM2.5,0.35555555555555557
353,SO2,0.3111111111111111
354,CO,0.2666666666666667
354,NO,0.2666666666666667
354,NO2,0.2666666666666667
354,NOX,0.3111111111111111
354,PM10,0.4222222222222222
354,PM2.5,0.35555555555555557
354,SO2,0.3111111111111111
355,CO,0.2666666666666667
355,NO,0.2666666666666667
355,NO2,0.2666666666666667
355,NOX,0.3111111111111111
355,PM10,0.4222222222222222
355,PM2.5,0.35555555555555557
355,SO2,0.3111111111111111
356,CO,0.2666666666666667
356,NO,0.2666666666666667
356,NO2,0.2666666666666667
356,NOX,0.3111111111111111
356,PM10,0.4222222222222222
356,PM2.5,0.35555555555555557
356,SO2,0.3111111111111111
357,CO,0.2666666666666667
357,NO,0.2666666666666667
357,NO2,0.2666666666666667
357,NOX,0.3111111111111111
357,PM10,0.4222222222222222
357,PM2.5,0.35555555555555557
357,SO2,0.3111111111111111
358,CO,0.2666666666666667
358,NO,0.2666666666666667
358,NO2,0.2666666666666667
358,NOX,0.3111111111111111
358,PM10,0.4222222222222222
358,PM2.5,0.35555555555555557
358,SO2,0.3111111111111111
359,CO,0.2666666666666667
359,NO,0.2666666666666667
359,NO2,0.2666666666666667
359,NOX,0.3111111111111111
359,PM10,0.4222222222222222
359,PM2.5,0.35555555555555557
359,SO2,0.3111111111111111
360,CO,0.2666666666666667
360,NO,0.2666666666666667
360,NO2,0.2666666666666667
360,NOX,0.3111111111111111
360,PM10,0.4222222222222222
360,PM2.5,0.35555555555555557
360,SO2,0.3111111111111111
361,CO,0.2666666666666667
361,NO,0.2666666666666667
361,NO2,0.2666666666666667
361,NOX,0.3111111111111111
361,PM10,0.4222222222222222
361,PM2.5,0.35555555555555557
361,SO2,0.3111111111111111
362,CO,0.2666666666666667
362,NO,0.2666666666666667
362,NO2,0.2666666666666667
362,NOX,0.3111111111111111
362,PM10,0.4222222222222222
362,PM2.5,0.35555555555555557
362,SO2,0.3111111111111111
363,CO,0.2666666666666667
363,NO,0.2666666666666667
363,NO2,0.2666666666666667
363,NOX,0.3111111111111111
363,PM10,0.4222222222222222
363,PM2.5,0.35555555555555557
363,SO2,0.3111111111111111
364,CO,0.2666666666666667
364,NO,0.2666666666666667
364,NO2,0.2666666666666667
364,NOX,0.3111111111111111
364,PM10,0.4222222222222222
364,PM2.5,0.35555555555555557
364,SO2,0.3111111111111111
365,CO,0.2666666666666667
365,NO,0.2666666666666667
365,NO2,0.2666666666666667
365,NOX,0.3111111111111111
365,PM10,0.4222222222222222
365,PM2.5,0.35555555555555557
365,SO2,0.3111111111111111
366,CO,0.2666666666666667
366,NO,0.2666666666666667
366,NO2,0.2666666666666667
366,NOX,0.3111111111111111
366,PM10,0.4222222222222222
366,PM2.5,0.35555555555555557
366,SO2,0.3111111111111111
367,CO,0.2666666666666667
367,NO,0.2666666666666667
367,NO2,0.2666666666666667
367,NOX,0.3111111111111111
367,PM10,0.4222222222222222
367,PM2.5,0.35555555555555557
367,SO2,0.3111111111111111
368,CO,0.2666666666666667
368,NO,0.2666666666666667
368,NO2,0.2666666666666667
368,NOX,0.3111111111111111
368,PM10,0.4222222222222222
368,PM2.5,0.35555555555555557
368,SO2,0.3111111111111111
369,CO,0.2666666666666667
369,NO,0.2666666666666667
369,NO2,0.2666666666666667
369,NOX,0.3111111111111111
369,PM10,0.4222222222222222
369,PM2.5,0.35555555555555557
369,SO2,0.3111111111111111
370,CO,0.2666666666666667
370,NO,0.2666666666666667
370,NO2,0.2666666666666667
370,NOX,0.3111111111111111
370,PM10,0.4222222222222222
370,PM2.5,0.35555555555555557
370,SO2,0.3111111111111111
371,CO,0.2666666666666667
371,NO,0.2666666666666667
371,NO2,0.2666666666666667
371,NOX,0.3111111111111111
371,PM10,0.4222222222222222
371,PM2.5,0.35555555555555557
371,SO2,0.3111111111111111
372,CO,0.2666666666666667
372,NO,0.2666666666666667
372,NO2,0.2666666666666667
372,NOX,0.3111111111111111
372,PM10,0.4222222222222222
372,PM2.5,0.35555555555555557
372,SO2,0.3111111111111111
373,CO,0.2666666666666667
373,NO,0.2666666666666667
373,NO2,0.2666666666666667
373,NOX,0.3111111111111111
373,PM10,0.4222222222222222
373,PM2.5,0.35555555555555557
373,SO2,0.3111111111111111
374,CO,0.2666666666666667
374,NO,0.2666666666666667
374,NO2,0.2666666666666667
374,NOX,0.3111111111111111
374,PM10,0.4222222222222222
374,PM2.5,0.35555555555555557
374,SO2,0.3111111111111111
375,CO,0.2666666666666667
375,NO,0.2666666666666667
375,NO2,0.2666666666666667
375,NOX,0.3111111111111111
375,PM10,0.4222222222222222
375,PM2.5,0.35555555555555557
375,SO2,0.3111111111111111
376,CO,0.2666666666666667
376,NO,0.2666666666666667
376,NO2,0.2666666666666667
376,NOX,0.3111111111111111
376,PM10,0.4222222222222222
376,PM2.5,0.35555555555555557
376,SO2,0.3111111111111111
377,CO,0.2666666666666667
377,NO,0.2666666666666667
377,NO2,0.2666666666666667
377,NOX,0.3111111111111111
377,PM10,0.4222222222222222
377,PM2.5,0.35555555555555557
377,SO2,0.3111111111111111
378,CO,0.2666666666666667
378,NO,0.2666666666666667
378,NO2,0.2666666666666667
378,NOX,0.3111111111111111
378,PM10,0.4222222222222222
378,PM2.5,0.35555555555555557
378,SO2,0.3111111111111111
379,CO,0.2666666666666667
379,NO,0.2666666666666667
379,NO2,0.2666666666666667
379,NOX,0.3111111111111111
379,PM10,0.4222222222222222
379,PM2.5,0.35555555555555557
379,SO2,0.3111111111111111
380,CO,0.2666666666666667
380,NO,0.2666666666666667
380,NO2,0.2666666666666667
380,NOX,0.3111111111111111
380,PM10,0.4222222222222222
380,PM2.5,0.35555555555555557
380,SO2,0.3111111111111111
381,CO,0.2666666666666667
381,NO,0.2666666666666667
381,NO2,0.2666666666666667
381,NOX,0.3111111111111111
381,PM10,0.4222222222222222
381,PM2.5,0.35555555555555557
381,SO2,0.3111111111111111
382,CO,0.2666666666666667
382,NO,0.2666666666666667
382,NO2,0.2666666666666667
382,NOX,0.3111111111111111
382,PM10,0.4222222222222222
382,PM2.5,0.35555555555555557
382,SO2,0.3111111111111111
383,CO,0.2666666666666667
383,NO,0.2666666666666667
383,NO2,0.2666666666666667
383,NOX,0.3111111111111111
383,PM10,0.4222222222222222
383,PM2.5,0.35555555555555557
383,SO2,0.3111111111111111
384,CO,0.2666666666666667
384,NO,0.2666666666666667
384,NO2,0.2666666666666667
384,NOX,0.3111111111111111
384,PM10,0.4222222222222222
384,PM2.5,0.35555555555555557
384,SO2,0.3111111111111111
385,CO,0.2666666666666667
385,NO,0.2666666666666667
385,NO2,0.2666666666666667
385,NOX,0.3111111111111111
385,PM10,0.4222222222222222
385,PM2.5,0.35555555555555557
385,SO2,0.3111111111111111
386,CO,0.2666666666666667
386,NO,0.2666666666666667
386,NO2,0.2666666666666667
386,NOX,0.3111111111111111
386,PM10,0.4222222222222222
386,PM2.5,0.35555555555555557
386,SO2,0.3111111111111111
387,CO,0.2666666666666667
387,NO,0.2666666666666667
387,NO2,0.2666666666666667
387,NOX,0.3111111111111111
387,PM10,0.4222222222222222
387,PM2.5,0.35555555555555557
387,SO2,0.3111111111111111
388,CO,0.2666666666666667
388,NO,0.2666666666666667
388,NO2,0.2666666666666667
388,NOX,0.3111111111111111
388,PM10,0.4222222222222222
388,PM2.5,0.35555555555555557
388,SO2,0.3111111111111111
389,CO,0.2666666666666667
389,NO,0.2666666666666667
389,NO2,0.2666666666666667
389,NOX,0.3111111111111111
389,PM10,0.4222222222222222
389,PM2.5,0.35555555555555557
389,SO2,0.3111111111111111
390,CO,0.2666666666666667
390,NO,0.2666666666666667
390,NO2,0.2666666666666667
390,NOX,0.3111111111111111
390,PM10,0.4222222222222222
390,PM2.5,0.35555555555555557
390,SO2,0.3111111111111111
391,CO,0.2666666666666667
391,NO,0.2666666666666667
391,NO2,0.2666666666666667
391,NOX,0.3111111111111111
391,PM10,0.4222222222222222
391,PM2.5,0.35555555555555557
391,SO2,0.3111111111111111
392,CO,0.2666666666666667
392,NO,0.2666666666666667
392,NO2,0.2666666666666667
392,NOX,0.3111111111111111
392,PM10,0.4222222222222222
392,PM2.5,0.35555555555555557
392,SO2,0.3111111111111111
393,CO,0.2666666666666667
393,NO,0.2666666666666667
393,NO2,0.2666666666666667
393,NOX,0.3111111111111111
393,PM10,0.4222222222222222
393,PM2.5,0.35555555555555557
393,SO2,0.3111111111111111
394,CO,0.2666666666666667
394,NO,0.2666666666666667
394,NO2,0.2666666666666667
394,NOX,0.3111111111111111
394,PM10,0.4222222222222222
394,PM2.5,0.35555555555555557
394,SO2,0.3111111111111111
395,CO,0.2666666666666667
395,NO,0.2666666666666667
395,NO2,0.2666666666666667
395,NOX,0.3111111111111111
395,PM10,0.4222222222222222
395,PM2.5,0.35555555555555557
395,SO2,0.3111111111111111
396,CO,0.2666666666666667
396,NO,0.2666666666666667
396,NO2,0.2666666666666667
396,NOX,0.3111111111111111
396,PM10,0.4222222222222222
396,PM2.5,0.35555555555555557
396,SO2,0.3111111111111111
397,CO,0.2666666666666667
397,NO,0.2666666666666667
397,NO2,0.2666666666666667
397,NOX,0.3111111111111111
397,PM10,0.4222222222222222
397,PM2.5,0.35555555555555557
397,SO2,0.3111111111111111
398,CO,0.2666666666666667
398,NO,0.2666666666666667
398,NO2,0.2666666666666667
398,NOX,0.3111111111111111
398,PM10,0.4222222222222222
398,PM2.5,0.35555555555555557
398,SO2,0.3111111111111111
399,CO,0.2666666666666667
399,NO,0.2666666666666667
399,NO2,0.2666666666666667
399,NOX,0.3111111111111111
399,PM10,0.4222222222222222
399,PM2.5,0.35555555555555557
399,SO2,0.3111111111111111
400,CO,0.2666666666666667
400,NO,0.2666666666666667
400,NO2,0.2666666666666667
400,NOX,0.3111111111111111
400,PM10,0.4222222222222222
400,PM2.5,0.35555555555555557
400,SO2,0.3111111111111111
401,CO,0.2666666666666667
401,NO,0.2666666666666667
401,NO2,0.2666666666666667
401,NOX,0.3111111111111111
401,PM10,0.4222222222222222
401,PM2.5,0.35555555555555557
401,SO2,0.3111111111111111
402,CO,0.2666666666666667
402,NO,0.2666666666666667
402,NO2,0.2666666666666667
402,NOX,0.3111111111111111
402,PM10,0.4222222222222222
402,PM2.5,0.35555555555555557
402,SO2,0.3111111111111111
403,CO,0.2666666666666667
403,NO,0.2666666666666667
403,NO2,0.2666666666666667
403,NOX,0.3111111111111111
403,PM10,0.4222222222222222
403,PM2.5,0.35555555555555557
403,SO2,0.3111111111111111
404,CO,0.2666666666666667
404,NO,0.2666666666666667
404,NO2,0.2666666666666667
404,NOX,0.3111111111111111
404,PM10,0.4222222222222222
404,PM2.5,0.35555555555555557
404,SO2,0.3111111111111111
405,CO,0.2666666666666667
405,NO,0.2666666666666667
405,NO2,0.2666666666666667
405,NOX,0.3111111111111111
405,PM10,0.4222222222222222
405,PM2.5,0.35555555555555557
405,SO2,0.3111111111111111
406,CO,0.2666666666666667
406,NO,0.2666666666666667
406,NO2,0.2666666666666667
406,NOX,0.3111111111111111
406,PM10,0.4222222222222222
406,PM2.5,0.35555555555555557
406,SO2,0.3111111111111111
407,CO,0.2666666666666667
407,NO,0.2666666666666667
407,NO2,0.2666666666666667
407,NOX,0.3111111111111111
407,PM10,0.4222222222222222
407,PM2.5,0.35555555555555557
407,SO2,0.3111111111111111
408,CO,0.2666666666666667
408,NO,0.2666666666666667
408,NO2,0.2666666666666667
408,NOX,0.3111111111111111
408,PM10,0.4222222222222222
408,PM2.5,0.35555555555555557
408,SO2,0.3111111111111111
409,CO,0.2666666666666667
409,NO,0.2666666666666667
409,NO2,0.2666666666666667
409,NOX,0.3111111111111111
409,PM10,0.4222222222222222
409,PM2.5,0.35555555555555557
409,SO2,0.3111111111111111
410,CO,0.2666666666666667
410,NO,0.2666666666666667
410,NO2,0.2666666666666667
410,NOX,0.3111111111111111
410,PM10,0.4222222222222222
410,PM2.5,0.35555555555555557
410,SO2,0.3111111111111111
411,CO,0.2666666666666667
411,NO,0.2666666666666667
411,NO2,0.2666666666666667
411,NOX,0.3111111111111111
411,PM10,0.4222222222222222
411,PM2.5,0.35555555555555557
411,SO2,0.3111111111111111
412,CO,0.2666666666666667
412,NO,0.2666666666666667
412,NO2,0.2666666666666667
412,NOX,0.3111111111111111
412,PM10,0.4222222222222222
412,PM2.5,0.35555555555555557
412,SO2,0.3111111111111111
413,CO,0.2666666666666667
413,NO,0.2666666666666667
413,NO2,0.2666666666666667
413,NOX,0.3111111111111111
413,PM10,0.4222222222222222
413,PM2.5,0.35555555555555557
413,SO2,0.3111111111111111
414,CO,0.2666666666666667
414,NO,0.2666666666666667
414,NO2,0.2666666666666667
414,NOX,0.3111111111111111
414,PM10,0.4222222222222222
414,PM2.5,0.35555555555555557
414,SO2,0.3111111111111111
415,CO,0.2666666666666667
415,NO,0.2666666666666667
415,NO2,0.2666666666666667
415,NOX,0.3111111111111111
415,PM10,0.4222222222222222
415,PM2.5,0.35555555555555557
415,SO2,0.3111111111111111
416,CO,0.2666666666666667
416,NO,0.2666666666666667
416,NO2,0.2666666666666667
416,NOX,0.3111111111111111
416,PM10,0.4222222222222222
416,PM2.5,0.35555555555555557
416,SO2,0.3111111111111111
417,CO,0.2666666666666667
417,NO,0.2666666666666667
417,NO2,0.2666666666666667
417,NOX,0.3111111111111111
417,PM10,0.4222222222222222
417,PM2.5,0.35555555555555557
417,SO2,0.3111111111111111
418,CO,0.2666666666666667
418,NO,0.2666666666666667
418,NO2,0.2666666666666667
418,NOX,0.3111111111111111
418,PM10,0.4222222222222222
418,PM2.5,0.35555555555555557
418,SO2,0.3111111111111111
419,CO,0.2666666666666667
419,NO,0.2666666666666667
419,NO2,0.2666666666666667
419,NOX,0.3111111111111111
419,PM10,0.4222222222222222
419,PM2.5,0.35555555555555557
419,SO2,0.3111111111111111
420,CO,0.2666666666666667
420,NO,0.2666666666666667
420,NO2,0.2666666666666667
420,NOX,0.3111111111111111
420,PM10,0.4222222222222222
420,PM2.5,0.35555555555555557
420,SO2,0.3111111111111111
421,CO,0.2666666666666667
421,NO,0.2666666666666667
421,NO2,0.2666666666666667
421,NOX,0.3111111111111111
421,PM10,0.4222222222222222
421,PM2.5,0.35555555555555557
421,SO2,0.3111111111111111
422,CO,0.2666666666666667
422,NO,0.2666666666666667
422,NO2,0.2666666666666667
422,NOX,0.3111111111111111
422,PM10,0.4222222222222222
422,PM2.5,0.35555555555555557
422,SO2,0.3111111111111111
423,CO,0.2666666666666667
423,NO,0.2666666666666667
423,NO2,0.2666666666666667
423,NOX,0.3111111111111111
423,PM10,0.4222222222222222
423,PM2.5,0.35555555555555557
423,SO2,0.3111111111111111
424,CO,0.2666666666666667
424,NO,0.2666666666666667
424,NO2,0.2666666666666667
424,NOX,0.3111111111111111
424,PM10,0.4222222222222222
424,PM2.5,0.35555555555555557
424,SO2,0.3111111111111111
425,CO,0.2666666666666667
425,NO,0.2666666666666667
425,NO2,0.2666666666666667
425,NOX,0.3111111111111111
425,PM10,0.4222222222222222
425,PM2.5,0.35555555555555557
425,SO2,0.3111111111111111
426,CO,0.2666666666666667
426,NO,0.2666666666666667
426,NO2,0.2666666666666667
426,NOX,0.3111111111111111
426,PM10,0.4222222222222222
426,PM2.5,0.35555555555555557
426,SO2,0.3111111111111111
427,CO,0.2666666666666667
427,NO,0.2666666666666667
427,NO2,0.2666666666666667
427,NOX,0.3111111111111111
427,PM10,0.4222222222222222
427,PM2.5,0.35555555555555557
427,SO2,0.3111111111111111
428,CO,0.2666666666666667
428,NO,0.2666666666666667
428,NO2,0.2666666666666667
428,NOX,0.3111111111111111
428,PM10,0.4222222222222222
428,PM2.5,0.35555555555555557
428,SO2,0.3111111111111111
429,CO,0.2666666666666667
429,NO,0.2666666666666667
429,NO2,0.2666666666666667
429,NOX,0.3111111111111111
429,PM10,0.4222222222222222
429,PM2.5,0.35555555555555557
429,SO2,0.3111111111111111
430,CO,0.2666666666666667
430,NO,0.2666666666666667
430,NO2,0.2666666666666667
430,NOX,0.3111111111111111
430,PM10,0.4222222222222222
430,PM2.5,0.35555555555555557
430,SO2,0.3111111111111111
431,CO,0.2666666666666667
431,NO,0.2666666666666667
431,NO2,0.2666666666666667
431,NOX,0.3111111111111111
431,PM10,0.4222222222222222
431,PM2.5,0.35555555555555557
431,SO2,0.3111111111111111
432,CO,0.2666666666666667
432,NO,0.2666666666666667
432,NO2,0.2666666666666667
432,NOX,0.3111111111111111
432,PM10,0.4222222222222222
432,PM2.5,0.35555555555555557
432,SO2,0.3111111111111111
433,CO,0.2666666666666667
433,NO,0.2666666666666667
433,NO2,0.2666666666666667
433,NOX,0.3111111111111111
433,PM10,0.4222222222222222
433,PM2.5,0.35555555555555557
433,SO2,0.3111111111111111
434,CO,0.2666666666666667
434,NO,0.2666666666666667
434,NO2,0.2666666666666667
434,NOX,0.3111111111111111
434,PM10,0.4222222222222222
434,PM2.5,0.35555555555555557
434,SO2,0.3111111111111111
435,CO,0.2666666666666667
435,NO,0.2666666666666667
435,NO2,0.2666666666666667
435,NOX,0.3111111111111111
435,PM10,0.4222222222222222
435,PM2.5,0.35555555555555557
435,SO2,0.3111111111111111
436,CO,0.2666666666666667
436,NO,0.2666666666666667
436,NO2,0.2666666666666667
436,NOX,0.3111111111111111
436,PM10,0.4222222222222222
436,PM2.5,0.35555555555555557
436,SO2,0.3111111111111111
437,CO,0.2666666666666667
437,NO,0.2666666666666667
437,NO2,0.2666666666666667
437,NOX,0.3111111111111111
437,PM10,0.4222222222222222
437,PM2.5,0.35555555555555557
437,SO2,0.3111111111111111
438,CO,0.2666666666666667
438,NO,0.2666666666666667
438,NO2,0.2666666666666667
438,NOX,0.3111111111111111
438,PM10,0.4222222222222222
438,PM2.5,0.35555555555555557
438,SO2,0.3111111111111111
439,CO,0.2666666666666667
439,NO,0.2666666666666667
439,NO2,0.2666666666666667
439,NOX,0.3111111111111111
439,PM10,0.4222222222222222
439,PM2.5,0.35555555555555557
439,SO2,0.3111111111111111
440,CO,0.2666666666666667
440,NO,0.2666666666666667
440,NO2,0.2666666666666667
440,NOX,0.3111111111111111
440,PM10,0.4222222222222222
440,PM2.5,0.35555555555555557
440,SO2,0.3111111111111111
441,CO,0.2666666666666667
441,NO,0.2666666666666667
441,NO2,0.2666666666666667
441,NOX,0.3111111111111111
441,PM10,0.4222222222222222
441,PM2.5,0.35555555555555557
441,SO2,0.3111111111111111
442,CO,0.2666666666666667
442,NO,0.2666666666666667
442,NO2,0.2666666666666667
442,NOX,0.3111111111111111
442,PM10,0.4222222222222222
442,PM2.5,0.35555555555555557
442,SO2,0.3111111111111111
443,CO,0.2666666666666667
443,NO,0.2666666666666667
443,NO2,0.2666666666666667
443,NOX,0.3111111111111111
443,PM10,0.4222222222222222
443,PM2.5,0.35555555555555557
443,SO2,0.3111111111111111
444,CO,0.2666666666666667
444,NO,0.2666666666666667
444,NO2,0.2666666666666667
444,NOX,0.3111111111111111
444,PM10,0.4222222222222222
444,PM2.5,0.35555555555555557
444,SO2,0.3111111111111111
445,CO,0.2666666666666667
445,NO,0.2666666666666667
445,NO2,0.2666666666666667
445,NOX,0.3111111111111111
445,PM10,0.4222222222222222
445,PM2.5,0.35555555555555557
445,SO2,0.3111111111111111
446,CO,0.2666666666666667
446,NO,0.2666666666666667
446,NO2,0.2666666666666667
446,NOX,0.3111111111111111
446,PM10,0.4222222222222222
446,PM2.5,0.35555555555555557
446,SO2,0.3111111111111111
447,CO,0.2666666666666667
447,NO,0.2666666666666667
447,NO2,0.2666666666666667
447,NOX,0.3111111111111111
447,PM10,0.4222222222222222
447,PM2.5,0.35555555555555557
447,SO2,0.3111111111111111
448,CO,0.2666666666666667
448,NO,0.2666666666666667
448,NO2,0.2666666666666667
448,NOX,0.3111111111111111
448,PM10,0.4222222222222222
448,PM2.5,0.35555555555555557
448,SO2,0.3111111111111111
449,CO,0.2666666666666667
449,NO,0.2666666666666667
449,NO2,0.2666666666666667
449,NOX,0.3111111111111111
449,PM10,0.4222222222222222
449,PM2.5,0.35555555555555557
449,SO2,0.3111111111111111
450,CO,0.2666666666666667
450,NO,0.2666666666666667
450,NO2,0.2666666666666667
450,NOX,0.3111111111111111
450,PM10,0.4222222222222222
450,PM2.5,0.35555555555555557
450,SO2,0.3111111111111111
451,CO,0.2666666666666667
451,NO,0.2666666666666667
451,NO2,0.2666666666666667
451,NOX,0.3111111111111111
451,PM10,0.4222222222222222
451,PM2.5,0.35555555555555557
451,SO2,0.3111111111111111
452,CO,0.2666666666666667
452,NO,0.2666666666666667
452,NO2,0.2666666666666667
452,NOX,0.3111111111111111
452,PM10,0.4222222222222222
452,PM2.5,0.35555555555555557
452,SO2,0.3111111111111111
453,CO,0.2666666666666667
453,NO,0.2666666666666667
453,NO2,0.2666666666666667
453,NOX,0.3111111111111111
453,PM10,0.4222222222222222
453,PM2.5,0.35555555555555557
453,SO2,0.3111111111111111
454,CO,0.2666666666666667
454,NO,0.2666666666666667
454,NO2,0.2666666666666667
454,NOX,0.3111111111111111
454,PM10,0.4222222222222222
454,PM2.5,0.35555555555555557
454,SO2,0.3111111111111111
455,CO,0.2666666666666667
455,NO,0.2666666666666667
455,NO2,0.2666666666666667
455,NOX,0.3111111111111111
455,PM10,0.4222222222222222
455,PM2.5,0.35555555555555557
455,SO2,0.3111111111111111
456,CO,0.2666666666666667
456,NO,0.2666666666666667
456,NO2,0.2666666666666667
456,NOX,0.3111111111111111
456,PM10,0.4222222222222222
456,PM2.5,0.35555555555555557
456,SO2,0.3111111111111111
457,CO,0.2666666666666667
457,NO,0.2666666666666667
457,NO2,0.2666666666666667
457,NOX,0.3111111111111111
457,PM10,0.4222222222222222
457,PM2.5,0.35555555555555557
457,SO2,0.3111111111111111
458,CO,0.2666666666666667
458,NO,0.2666666666666667
458,NO2,0.2666666666666667
458,NOX,0.3111111111111111
458,PM10,0.4222222222222222
458,PM2.5,0.35555555555555557
458,SO2,0.3111111111111111
459,CO,0.2666666666666667
459,NO,0.2666666666666667
459,NO2,0.2666666666666667
459,NOX,0.3111111111111111
459,PM10,0.4222222222222222
459,PM2.5,0.35555555555555557
459,SO2,0.3111111111111111
460,CO,0.2666666666666667
460,NO,0.2666666666666667
460,NO2,0.2666666666666667
460,NOX,0.3111111111111111
460,PM10,0.4222222222222222
460,PM2.5,0.35555555555555557
460,SO2,0.3111111111111111
462,CO,0.2666666666666667
462,NO,0.2666666666666667
462,NO2,0.2666666666666667
462,NOX,0.3111111111111111
462,PM10,0.4222222222222222
462,PM2.5,0.35555555555555557
462,SO2,0.3111111111111111
463,CO,0.2666666666666667
463,NO,0.2666666666666667
463,NO2,0.2666666666666667
463,NOX,0.3111111111111111
463,PM10,0.4222222222222222
463,PM2.5,0.35555555555555557
463,SO2,0.3111111111111111
464,CO,0.2666666666666667
464,NO,0.2666666666666667
464,NO2,0.2666666666666667
464,NOX,0.3111111111111111
464,PM10,0.4222222222222222
464,PM2.5,0.35555555555555557
464,SO2,0.3111111111111111
465,CO,0.2666666666666667
465,NO,0.2666666666666667
465,NO2,0.2666666666666667
465,NOX,0.3111111111111111
465,PM10,0.4222222222222222
465,PM2.5,0.35555555555555557
465,SO2,0.3111111111111111
466,CO,0.2666666666666667
466,NO,0.2666666666666667
466,NO2,0.2666666666666667
466,NOX,0.3111111111111111
466,PM10,0.4222222222222222
466,PM2.5,0.35555555555555557
466,SO2,0.3111111111111111
467,CO,0.2666666666666667
467,NO,0.2666666666666667
467,NO2,0.2666666666666667
467,NOX,0.3111111111111111
467,PM10,0.4222222222222222
467,PM2.5,0.35555555555555557
467,SO2,0.3111111111111111
468,CO,0.2666666666666667
468,NO,0.2666666666666667
468,NO2,0.2666666666666667
468,NOX,0.3111111111111111
468,PM10,0.4222222222222222
468,PM2.5,0.35555555555555557
468,SO2,0.3111111111111111
469,CO,0.2666666666666667
469,NO,0.2666666666666667
469,NO2,0.2666666666666667
469,NOX,0.3111111111111111
469,PM10,0.4222222222222222
469,PM2.5,0.35555555555555557
469,SO2,0.3111111111111111
470,CO,0.2666666666666667
470,NO,0.2666666666666667
470,NO2,0.2666666666666667
470,NOX,0.3111111111111111
470,PM10,0.4222222222222222
470,PM2.5,0.35555555555555557
470,SO2,0.3111111111111111
471,CO,0.2666666666666667
471,NO,0.2666666666666667
471,NO2,0.2666666666666667
471,NOX,0.3111111111111111
471,PM10,0.4222222222222222
471,PM2.5,0.35555555555555557
471,SO2,0.3111111111111111
472,CO,0.2666666666666667
472,NO,0.2666666666666667
472,NO2,0.2666666666666667
472,NOX,0.3111111111111111
472,PM10,0.4222222222222222
472,PM2.5,0.35555555555555557
472,SO2,0.3111111111111111
473,CO,0.2666666666666667
473,NO,0.2666666666666667
473,NO2,0.2666666666666667
473,NOX,0.3111111111111111
473,PM10,0.4222222222222222
473,PM2.5,0.35555555555555557
473,SO2,0.3111111111111111
474,CO,0.2666666666666667
474,NO,0.2666666666666667
474,NO2,0.2666666666666667
474,NOX,0.3111111111111111
474,PM10,0.4222222222222222
474,PM2.5,0.35555555555555557
474,SO2,0.3111111111111111
475,CO,0.2666666666666667
475,NO,0.2666666666666667
475,NO2,0.2666666666666667
475,NOX,0.3111111111111111
475,PM10,0.4222222222222222
475,PM2.5,0.35555555555555557
475,SO2,0.3111111111111111
476,CO,0.2666666666666667
476,NO,0.2666666666666667
476,NO2,0.2666666666666667
476,NOX,0.3111111111111111
476,PM10,0.4222222222222222
476,PM2.5,0.35555555555555557
476,SO2,0.3111111111111111
477,CO,0.2666666666666667
477,NO,0.2666666666666667
477,NO2,0.2666666666666667
477,NOX,0.3111111111111111
477,PM10,0.4222222222222222
477,PM2.5,0.35555555555555557
477,SO2,0.3111111111111111
478,CO,0.2666666666666667
478,NO,0.2666666666666667
478,NO2,0.2666666666666667
478,NOX,0.3111111111111111
478,PM10,0.4222222222222222
478,PM2.5,0.35555555555555557
478,SO2,0.3111111111111111
479,CO,0.2666666666666667
479,NO,0.2666666666666667
479,NO2,0.2666666666666667
479,NOX,0.3111111111111111
479,PM10,0.4222222222222222
479,PM2.5,0.35555555555555557
479,SO2,0.3111111111111111
480,CO,0.2666666666666667
480,NO,0.2666666666666667
480,NO2,0.2666666666666667
480,NOX,0.3111111111111111
480,PM10,0.4222222222222222
480,PM2.5,0.35555555555555557
480,SO2,0.3111111111111111
481,CO,0.2666666666666667
481,NO,0.2666666666666667
481,NO2,0.2666666666666667
481,NOX,0.3111111111111111
481,PM10,0.4222222222222222
481,PM2.5,0.35555555555555557
481,SO2,0.3111111111111111
482,CO,0.2666666666666667
482,NO,0.2666666666666667
482,NO2,0.2666666666666667
482,NOX,0.3111111111111111
482,PM10,0.4222222222222222
482,PM2.5,0.35555555555555557
482,SO2,0.3111111111111111
483,CO,0.2666666666666667
483,NO,0.2666666666666667
483,NO2,0.2666666666666667
483,NOX,0.3111111111111111
483,PM10,0.4222222222222222
483,PM2.5,0.35555555555555557
483,SO2,0.3111111111111111
484,CO,0.2666666666666667
484,NO,0.2666666666666667
484,NO2,0.2666666666666667
484,NOX,0.3111111111111111
484,PM10,0.4222222222222222
484,PM2.5,0.35555555555555557
484,SO2,0.3111111111111111
485,CO,0.2666666666666667
485,NO,0.2666666666666667
485,NO2,0.2666666666666667
485,NOX,0.3111111111111111
485,PM10,0.4222222222222222
485,PM2.5,0.35555555555555557
485,SO2,0.3111111111111111
486,CO,0.2666666666666667
486,NO,0.2666666666666667
486,NO2,0.2666666666666667
486,NOX,0.3111111111111111
486,PM10,0.4222222222222222
486,PM2.5,0.35555555555555557
486,SO2,0.3111111111111111
487,CO,0.2666666666666667
487,NO,0.2666666666666667
487,NO2,0.2666666666666667
487,NOX,0.3111111111111111
487,PM10,0.4222222222222222
487,PM2.5,0.35555555555555557
487,SO2,0.3111111111111111
488,CO,0.2666666666666667
488,NO,0.2666666666666667
488,NO2,0.2666666666666667
488,NOX,0.3111111111111111
488,PM10,0.4222222222222222
488,PM2.5,0.35555555555555557
488,SO2,0.3111111111111111
489,CO,0.2666666666666667
489,NO,0.2666666666666667
489,NO2,0.2666666666666667
489,NOX,0.3111111111111111
489,PM10,0.4222222222222222
489,PM2.5,0.35555555555555557
489,SO2,0.3111111111111111
490,CO,0.2666666666666667
490,NO,0.2666666666666667
490,NO2,0.2666666666666667
490,NOX,0.3111111111111111
490,PM10,0.4222222222222222
490,PM2.5,0.35555555555555557
490,SO2,0.3111111111111111
491,CO,0.2666666666666667
491,NO,0.2666666666666667
491,NO2,0.2666666666666667
491,NOX,0.3111111111111111
491,PM10,0.4222222222222222
491,PM2.5,0.35555555555555557
491,SO2,0.3111111111111111
492,CO,0.2666666666666667
492,NO,0.2666666666666667
492,NO2,0.2666666666666667
492,NOX,0.3111111111111111
492,PM10,0.4222222222222222
492,PM2.5,0.35555555555555557
492,SO2,0.3111111111111111
493,CO,0.2666666666666667
493,NO,0.2666666666666667
493,NO2,0.2666666666666667
493,NOX,0.3111111111111111
493,PM10,0.4222222222222222
493,PM2.5,0.35555555555555557
493,SO2,0.3111111111111111
494,CO,0.2666666666666667
494,NO,0.2666666666666667
494,NO2,0.2666666666666667
494,NOX,0.3111111111111111
494,PM10,0.4222222222222222
494,PM2.5,0.35555555555555557
494,SO2,0.3111111111111111
495,CO,0.2666666666666667
495,NO,0.2666666666666667
495,NO2,0.2666666666666667
495,NOX,0.3111111111111111
495,PM10,0.4222222222222222
495,PM2.5,0.35555555555555557
495,SO2,0.3111111111111111
496,CO,0.2666666666666667
496,NO,0.2666666666666667
496,NO2,0.2666666666666667
496,NOX,0.3111111111111111
496,PM10,0.4222222222222222
496,PM2.5,0.35555555555555557
496,SO2,0.3111111111111111
497,CO,0.2666666666666667
497,NO,0.2666666666666667
497,NO2,0.2666666666666667
497,NOX,0.3111111111111111
497,PM10,0.4222222222222222
497,PM2.5,0.35555555555555557
497,SO2,0.3111111111111111
498,CO,0.2666666666666667
498,NO,0.2666666666666667
498,NO2,0.2666666666666667
498,NOX,0.3111111111111111
498,PM10,0.4222222222222222
498,PM2.5,0.35555555555555557
498,SO2,0.3111111111111111
499,CO,0.2666666666666667
499,NO,0.2666666666666667
499,NO2,0.2666666666666667
499,NOX,0.3111111111111111
499,PM10,0.4222222222222222
499,PM2.5,0.35555555555555557
499,SO2,0.3111111111111111
500,CO,0.2666666666666667
500,NO,0.2666666666666667
500,NO2,0.2666666666666667
500,NOX,0.3111111111111111
500,PM10,0.4222222222222222
500,PM2.5,0.35555555555555557
500,SO2,0.3111111111111111
501,CO,0.2666666666666667
501,NO,0.2666666666666667
501,NO2,0.2666666666666667
501,NOX,0.3111111111111111
501,PM10,0.4222222222222222
501,PM2.5,0.35555555555555557
501,SO2,0.3111111111111111
502,CO,0.2666666666666667
502,NO,0.2666666666666667
502,NO2,0.2666666666666667
502,NOX,0.3111111111111111
502,PM10,0.4222222222222222
502,PM2.5,0.35555555555555557
502,SO2,0.3111111111111111
503,CO,0.2666666666666667
503,NO,0.2666666666666667
503,NO2,0.2666666666666667
503,NOX,0.3111111111111111
503,PM10,0.4222222222222222
503,PM2.5,0.35555555555555557
503,SO2,0.3111111111111111
504,CO,0.2666666666666667
504,NO,0.2666666666666667
504,NO2,0.2666666666666667
504,NOX,0.3111111111111111
504,PM10,0.4222222222222222
504,PM2.5,0.35555555555555557
504,SO2,0.3111111111111111
505,CO,0.2666666666666667
505,NO,0.2666666666666667
505,NO2,0.2666666666666667
505,NOX,0.3111111111111111
505,PM10,0.4222222222222222
505,PM2.5,0.35555555555555557
505,SO2,0.3111111111111111
506,CO,0.2666666666666667
506,NO,0.2666666666666667
506,NO2,0.2666666666666667
506,NOX,0.3111111111111111
506,PM10,0.4222222222222222
506,PM2.5,0.35555555555555557
506,SO2,0.3111111111111111
507,CO,0.2666666666666667
507,NO,0.2666666666666667
507,NO2,0.2666666666666667
507,NOX,0.3111111111111111
507,PM10,0.4222222222222222
507,PM2.5,0.35555555555555557
507,SO2,0.3111111111111111
508,CO,0.2666666666666667
508,NO,0.2666666666666667
508,NO2,0.2666666666666667
508,NOX,0.3111111111111111
508,PM10,0.4222222222222222
508,PM2.5,0.35555555555555557
508,SO2,0.3111111111111111
509,CO,0.2666666666666667
509,NO,0.2666666666666667
509,NO2,0.2666666666666667
509,NOX,0.3111111111111111
509,PM10,0.4222222222222222
509,PM2.5,0.35555555555555557
509,SO2,0.3111111111111111
510,CO,0.2666666666666667
510,NO,0.2666666666666667
510,NO2,0.2666666666666667
510,NOX,0.3111111111111111
510,PM10,0.4222222222222222
510,PM2.5,0.35555555555555557
510,SO2,0.3111111111111111
511,CO,0.2666666666666667
511,NO,0.2666666666666667
511,NO2,0.2666666666666667
511,NOX,0.3111111111111111
511,PM10,0.4222222222222222
511,PM2.5,0.35555555555555557
511,SO2,0.3111111111111111
512,CO,0.2666666666666667
512,NO,0.2666666666666667
512,NO2,0.2666666666666667
512,NOX,0.3111111111111111
512,PM10,0.4222222222222222
512,PM2.5,0.35555555555555557
512,SO2,0.3111111111111111
513,CO,0.2666666666666667
513,NO,0.2666666666666667
513,NO2,0.2666666666666667
513,NOX,0.3111111111111111
513,PM10,0.4222222222222222
513,PM2.5,0.35555555555555557
513,SO2,0.3111111111111111
514,CO,0.2666666666666667
514,NO,0.2666666666666667
514,NO2,0.2666666666666667
514,NOX,0.3111111111111111
514,PM10,0.4222222222222222
514,PM2.5,0.35555555555555557
514,SO2,0.3111111111111111
515,CO,0.2666666666666667
515,NO,0.2666666666666667
515,NO2,0.2666666666666667
515,NOX,0.3111111111111111
515,PM10,0.4222222222222222
515,PM2.5,0.35555555555555557
515,SO2,0.3111111111111111
516,CO,0.2666666666666667
516,NO,0.2666666666666667
516,NO2,0.2666666666666667
516,NOX,0.3111111111111111
516,PM10,0.4222222222222222
516,PM2.5,0.35555555555555557
516,SO2,0.3111111111111111
517,CO,0.2666666666666667
517,NO,0.2666666666666667
517,NO2,0.2666666666666667
517,NOX,0.3111111111111111
517,PM10,0.4222222222222222
517,PM2.5,0.35555555555555557
517,SO2,0.3111111111111111
518,CO,0.2666666666666667
518,NO,0.2666666666666667
518,NO2,0.2666666666666667
518,NOX,0.3111111111111111
518,PM10,0.4222222222222222
518,PM2.5,0.35555555555555557
518,SO2,0.3111111111111111
519,CO,0.2666666666666667
519,NO,0.2666666666666667
519,NO2,0.2666666666666667
519,NOX,0.3111111111111111
519,PM10,0.4222222222222222
519,PM2.5,0.35555555555555557
519,SO2,0.3111111111111111
520,CO,0.2666666666666667
520,NO,0.2666666666666667
520,NO2,0.2666666666666667
520,NOX,0.3111111111111111
520,PM10,0.4222222222222222
520,PM2.5,0.35555555555555557
520,SO2,0.3111111111111111
521,CO,0.2666666666666667
521,NO,0.2666666666666667
521,NO2,0.2666666666666667
521,NOX,0.3111111111111111
521,PM10,0.4222222222222222
521,PM2.5,0.35555555555555557
521,SO2,0.3111111111111111
522,CO,0.2666666666666667
522,NO,0.2666666666666667
522,NO2,0.2666666666666667
522,NOX,0.3111111111111111
522,PM10,0.4222222222222222
522,PM2.5,0.35555555555555557
522,SO2,0.3111111111111111
523,CO,0.2666666666666667
523,NO,0.2666666666666667
523,NO2,0.2666666666666667
523,NOX,0.3111111111111111
523,PM10,0.4222222222222222
523,PM2.5,0.35555555555555557
523,SO2,0.3111111111111111
524,CO,0.2666666666666667
524,NO,0.2666666666666667
524,NO2,0.2666666666666667
524,NOX,0.3111111111111111
524,PM10,0.4222222222222222
524,PM2.5,0.35555555555555557
524,SO2,0.3111111111111111
525,CO,0.2666666666666667
525,NO,0.2666666666666667
525,NO2,0.2666666666666667
525,NOX,0.3111111111111111
525,PM10,0.4222222222222222
525,PM2.5,0.35555555555555557
525,SO2,0.3111111111111111
526,CO,0.2666666666666667
526,NO,0.2666666666666667
526,NO2,0.2666666666666667
526,NOX,0.3111111111111111
526,PM10,0.4222222222222222
526,PM2.5,0.35555555555555557
526,SO2,0.3111111111111111
527,CO,0.2666666666666667
527,NO,0.2666666666666667
527,NO2,0.2666666666666667
527,NOX,0.3111111111111111
527,PM10,0.4222222222222222
527,PM2.5,0.35555555555555557
527,SO2,0.3111111111111111
528,CO,0.2666666666666667
528,NO,0.2666666666666667
528,NO2,0.2666666666666667
528,NOX,0.3111111111111111
528,PM10,0.4222222222222222
528,PM2.5,0.35555555555555557
528,SO2,0.3111111111111111
529,CO,0.2666666666666667
529,NO,0.2666666666666667
529,NO2,0.2666666666666667
529,NOX,0.3111111111111111
529,PM10,0.4222222222222222
529,PM2.5,0.35555555555555557
529,SO2,0.3111111111111111
530,CO,0.2666666666666667
530,NO,0.2666666666666667
530,NO2,0.2666666666666667
530,NOX,0.3111111111111111
530,PM10,0.4222222222222222
530,PM2.5,0.35555555555555557
530,SO2,0.3111111111111111
531,CO,0.2666666666666667
531,NO,0.2666666666666667
531,NO2,0.2666666666666667
531,NOX,0.3111111111111111
531,PM10,0.4222222222222222
531,PM2.5,0.35555555555555557
531,SO2,0.3111111111111111
532,CO,0.2666666666666667
532,NO,0.2666666666666667
532,NO2,0.2666666666666667
532,NOX,0.3111111111111111
532,PM10,0.4222222222222222
532,PM2.5,0.35555555555555557
532,SO2,0.3111111111111111
533,CO,0.2666666666666667
533,NO,0.2666666666666667
533,NO2,0.2666666666666667
533,NOX,0.3111111111111111
533,PM10,0.4222222222222222
533,PM2.5,0.35555555555555557
533,SO2,0.3111111111111111
534,CO,0.2666666666666667
534,NO,0.2666666666666667
534,NO2,0.2666666666666667
534,NOX,0.3111111111111111
534,PM10,0.4222222222222222
534,PM2.5,0.35555555555555557
534,SO2,0.3111111111111111
535,CO,0.2666666666666667
535,NO,0.2666666666666667
535,NO2,0.2666666666666667
535,NOX,0.3111111111111111
535,PM10,0.4222222222222222
535,PM2.5,0.35555555555555557
535,SO2,0.3111111111111111
536,CO,0.2666666666666667
536,NO,0.2666666666666667
536,NO2,0.2666666666666667
536,NOX,0.3111111111111111
536,PM10,0.4222222222222222
536,PM2.5,0.35555555555555557
536,SO2,0.3111111111111111
537,CO,0.2666666666666667
537,NO,0.2666666666666667
537,NO2,0.2666666666666667
537,NOX,0.3111111111111111
537,PM10,0.4222222222222222
537,PM2.5,0.35555555555555557
537,SO2,0.3111111111111111
538,CO,0.2666666666666667
538,NO,0.2666666666666667
538,NO2,0.2666666666666667
538,NOX,0.3111111111111111
538,PM10,0.4222222222222222
538,PM2.5,0.35555555555555557
538,SO2,0.3111111111111111
539,CO,0.2666666666666667
539,NO,0.2666666666666667
539,NO2,0.2666666666666667
539,NOX,0.3111111111111111
539,PM10,0.4222222222222222
539,PM2.5,0.35555555555555557
539,SO2,0.3111111111111111
540,CO,0.2666666666666667
540,NO,0.2666666666666667
540,NO2,0.2666666666666667
540,NOX,0.3111111111111111
540,PM10,0.4222222222222222
540,PM2.5,0.35555555555555557
540,SO2,0.3111111111111111
541,CO,0.2666666666666667
541,NO,0.2666666666666667
541,NO2,0.2666666666666667
541,NOX,0.3111111111111111
541,PM10,0.4222222222222222
541,PM2.5,0.35555555555555557
541,SO2,0.3111111111111111
542,CO,0.2666666666666667
542,NO,0.2666666666666667
542,NO2,0.2666666666666667
542,NOX,0.3111111111111111
542,PM10,0.4222222222222222
542,PM2.5,0.35555555555555557
542,SO2,0.3111111111111111
543,CO,0.2666666666666667
543,NO,0.2666666666666667
543,NO2,0.2666666666666667
543,NOX,0.3111111111111111
543,PM10,0.4222222222222222
543,PM2.5,0.35555555555555557
543,SO2,0.3111111111111111
544,CO,0.2666666666666667
544,NO,0.2666666666666667
544,NO2,0.2666666666666667
544,NOX,0.3111111111111111
544,PM10,0.4222222222222222
544,PM2.5,0.35555555555555557
544,SO2,0.3111111111111111
