IDEstación,IDEmpresa,DistanciaKm
1,6,6.570212114827438
1,16,6.9008213824245805
1,17,6.935218080056757
1,19,9.62767745666201
1,23,1.5847699928796004
1,25,15.812250053106299
1,26,9.294138427646027
1,27,6.811328007126129
1,28,4.002008026985532
1,29,10.422073420728585
1,30,10.714793834244432
1,31,10.525318795377746
1,43,1.129875418130357
1,44,7.078579737683083
1,47,0.6136355252808875
1,51,1.9933329493982102
1,62,1.0259097214244142
1,65,0.4904052643863622
1,67,9.599633837550702
1,68,19.429842597267733
1,69,10.455390275199939
1,71,6.774176410662172
1,74,9.155393021036689
1,75,6.666529714847667
1,76,6.6672537757925365
1,77,9.312958554278968
1,79,6.335678203888133
1,80,9.489109235352684
1,81,9.047469017003134
1,82,8.657020077689536
1,97,19.688443670217328
1,109,19.669828747868863
1,110,17.30772176845099
1,112,12.03548546875742
1,114,9.26982770695887
1,119,11.108101572976624
1,125,9.794862211510813
1,126,9.744627399876693
1,127,9.744793186295317
1,128,9.73242960032774
1,129,9.798220568401026
1,130,9.84893078086922
1,131,17.753623542154845
1,132,1.367478491758351
1,134,9.904071877808027
1,137,9.352355653714355
1,138,7.0000715120948085
1,143,9.192115207986307
1,145,1.3361564630010383
1,146,14.571037831496948
1,149,9.980736116928465
1,152,11.20605019786162
1,171,1.514712236264033
1,174,9.240218161865558
1,178,13.395741330736712
1,186,16.730362222538893
1,192,15.328209853688145
1,193,1.2613091637937257
1,194,1.1910545160688293
1,195,1.1597748500519764
1,196,11.177610356275782
1,197,11.183061746641917
1,200,19.1541775971998
1,202,2.093801568125538
1,204,1.8570773471670845
1,205,1.5596753999126354
1,209,19.133274264134684
1,210,17.26479205142323
1,211,19.176116900805756
1,212,19.771423515917075
1,213,14.789185575981787
1,214,1.7687461078172855
1,217,9.12387236358969
1,218,9.260806359909033
1,219,9.224055694765523
1,224,8.44526088375642
1,226,6.628083656593846
1,232,1.7418200437728841
1,254,8.260021988997885
1,277,16.97470169959736
1,289,9.697940534072
1,294,1.410696181587431
1,298,9.707044133653575
1,303,1.1643752189834193
1,315,8.615260852635975
1,316,0.8591575167295484
1,325,6.904772226930713
1,327,9.657042558423814
1,328,14.342196684672375
1,329,14.428652456785578
1,342,0.2182211555982415
1,343,0.23564221007383054
1,346,10.13624398777338
1,349,0.5176661200690768
1,353,13.643054665419827
1,354,13.713475418181451
1,357,8.900738533619057
1,358,8.523077161486436
1,359,8.525795979591935
1,360,14.325541242453898
1,362,8.622888664855573
1,363,8.608757075988974
1,368,6.954674560903936
1,376,7.573962022750945
1,383,14.019453803441174
1,384,13.917762076036057
1,387,17.663268682123704
1,388,14.885962632188829
1,402,13.965012641067249
1,405,15.504148076871637
1,409,1.4940105961156356
1,410,15.230817083977007
1,411,0.3140805629780095
1,421,3.415712738047857
1,422,18.723100192302518
1,430,18.75174044687034
1,431,18.75174044687034
1,432,18.740468791802996
1,434,1.2004035013466976
1,435,1.1511920683859427
1,439,1.7072733838537704
1,440,1.7205882458903954
1,441,1.567470145957622
1,442,1.1694585124038008
1,443,1.2208160087949516
1,449,13.580737883237465
1,457,8.824988187708815
1,459,15.89392611073067
1,460,15.345137569385644
1,464,4.027475230061163
1,467,6.977172377399916
1,468,9.595809263378635
1,469,10.399512981605278
1,473,1.482085600745383
1,474,1.4820523283075417
1,482,9.920601397497864
1,484,3.9430766367897547
1,487,0.6574643900729078
1,488,0.9599927607852117
1,489,0.9596264105038349
1,490,1.399122492741284
1,493,19.169074316485176
1,500,12.906783133740474
1,501,8.510676650971183
1,506,19.169074316485176
1,509,12.984392451261424
1,510,12.842118885997815
1,511,12.808112894702695
1,539,6.484684764710931
1,542,14.011782850539056
2,1,5.5022867569889735
2,3,9.697839248453521
2,4,6.376071102748497
2,5,8.854909106625588
2,7,10.17510095645185
2,8,14.184058651449122
2,9,5.365217132066866
2,10,6.186400251743809
2,11,5.419839933132548
2,12,10.314112711723736
2,13,7.211088483394638
2,14,1.34465017008075
2,15,6.169907305266354
2,21,9.382323518991441
2,24,14.848649239788298
2,35,15.463855859569001
2,36,17.78448450536391
2,40,6.287984164859344
2,42,16.91768859198742
2,46,9.857328250367367
2,49,9.857328250367367
2,57,19.966159506484715
2,58,14.148610466376946
2,59,10.427181714832274
2,64,8.296040848954727
2,70,5.467852501325022
2,78,6.604363877429425
2,116,9.572797750573194
2,124,7.312400508566047
2,135,17.76518749741022
2,141,9.724558418550343
2,142,17.896038501890995
2,150,14.848649239788298
2,166,4.234241515774322
2,172,14.82884991999281
2,175,14.716823774989422
2,181,17.625640505837456
2,183,7.607796812196621
2,203,15.072822716078864
2,207,17.760618382513744
2,230,13.619627550904516
2,236,19.586488315308245
2,239,18.070182794082058
2,240,18.8087242319774
2,241,18.933796497798554
2,246,18.307834307089056
2,249,13.579435079357445
2,253,17.282793210315965
2,256,2.0194674260565395
2,258,15.213846921176629
2,259,19.05932576641606
2,260,19.678008339242524
2,261,13.563873031957298
2,271,15.349990815538336
2,272,11.389677984417231
2,280,7.478195925956677
2,281,8.000770960890144
2,282,11.50528212883219
2,283,14.916619867725316
2,296,17.53810756796492
2,297,9.916222533085488
2,305,11.059420319743086
2,306,18.832291659328867
2,307,0.917951076803982
2,320,19.184708440189752
2,321,14.563735043685892
2,348,17.286103954448453
2,355,13.301144592348553
2,361,17.222959760668118
2,379,19.737388795937743
2,382,19.51561242589749
2,385,13.260179407579855
2,395,13.44321813067465
2,400,19.83659431820068
2,404,17.44701726384215
2,407,17.760943884362465
2,414,17.808774724715406
2,420,17.90299294611332
2,428,19.479881047859507
2,437,17.84674841191858
2,444,17.80900411540426
2,472,15.438785475485108
2,481,9.265708377413498
2,483,17.695395056599335
2,491,17.785955379547538
2,492,17.749846617013976
2,495,13.25206437899713
2,508,19.863142064210102
2,516,17.845757122472072
2,518,17.75931062083379
2,519,19.889233656585557
2,532,19.32397693954252
3,1,13.234303757354096
3,4,12.66596222977286
3,5,13.111631105775837
3,7,18.507303659351674
3,9,13.30949866415843
3,10,12.720686141021021
3,11,12.854295674706194
3,13,10.592104220594216
3,14,16.680131608197083
3,15,11.6558353960333
3,20,6.3461228604626285
3,24,19.979610328464666
3,36,0.8812525215998644
3,39,6.387265224342421
3,40,12.803613876966903
3,41,6.342250446530876
3,42,2.506276610482838
3,45,6.968880521553801
3,52,7.622115150308418
3,57,2.6656782410957214
3,61,6.380920960041105
3,63,6.475613610488051
3,64,16.568952186243614
3,70,13.346931046479659
3,72,6.990838802178021
3,78,11.145868111875876
3,84,10.147370141973822
3,85,11.181160768948635
3,86,10.43257724185685
3,87,10.413797294425681
3,88,12.03354551428399
3,89,10.584076365840815
3,90,10.747839465359757
3,91,11.370227289857317
3,92,10.45185854067845
3,93,9.990702670130515
3,94,10.551243601936028
3,95,11.776601092093445
3,96,9.273225672308278
3,98,10.50364996326451
3,99,10.350685624550472
3,100,11.263467516957865
3,101,11.591156161920011
3,102,10.4360552617424
3,103,10.936806495326534
3,104,11.530133227189781
3,105,11.571498557641224
3,106,11.584196705612307
3,107,10.835854964718353
3,108,10.474818797460667
3,111,10.308665066233706
3,115,11.011256777407972
3,116,18.92440950590077
3,117,10.764376519043848
3,120,9.169303646585156
3,122,18.65645458485585
3,123,10.237612846823678
3,124,11.052728973422626
3,135,0.8377824720756568
3,139,5.143152628921166
3,140,5.043629621968724
3,141,13.146262194530093
3,142,3.221521258705735
3,150,19.979610328464666
3,153,5.105303451828513
3,154,10.996497389327233
3,159,10.315208408902503
3,166,14.935277876867149
3,167,4.155429824420732
3,170,10.496177561896305
3,173,10.314113041806433
3,176,10.953125066450989
3,177,4.155429824420732
3,181,1.2037165979508826
3,183,12.453557216066043
3,207,0.8923363934414164
3,220,7.0846314962280506
3,222,11.671576675649273
3,231,6.19810805245101
3,241,2.462427141304617
3,242,5.627019139082066
3,246,2.0687559347742215
3,247,4.034864916587488
3,249,12.673577203578928
3,253,2.5894670147040864
3,256,18.692597453442765
3,257,11.997886429227213
3,258,10.760457007766068
3,259,1.755157029541081
3,260,3.627245310126385
3,262,18.472061889224204
3,263,12.129652450979263
3,264,7.353191970833599
3,271,10.802027552294435
3,272,13.79214414061828
3,273,10.44892163706397
3,274,11.706003080056233
3,275,12.015145393116933
3,282,17.22260940523873
3,285,10.595838291904338
3,305,16.606480553116867
3,307,16.803784954307275
3,336,6.198364400674259
3,348,3.391283620851973
3,352,9.652220236858424
3,355,4.027917256036947
3,361,3.1490972373468513
3,371,4.122792708009862
3,374,4.281683736713945
3,379,2.4382914772015196
3,382,2.2074314078143673
3,385,4.069810171939222
3,391,10.21951111293736
3,395,3.888103988030747
3,396,14.014758495658931
3,400,2.535854840242308
3,404,0.13677140773403676
3,407,0.8845224699456707
3,412,4.356941584118627
3,414,0.8839346423160049
3,415,3.820782646152009
3,416,3.810829315755042
3,417,6.109597599608832
3,418,3.794490483708135
3,419,4.34976615248608
3,420,4.106147753810753
3,428,2.172592130180766
3,436,3.794490483708135
3,437,0.9672493169318097
3,444,0.8777615003386342
3,466,12.15424524385112
3,483,0.8852873303173384
3,491,0.971787759282009
3,492,0.858164275786036
3,495,4.088537985945679
3,497,4.378815089924368
3,498,4.376618700712352
3,502,5.15170234040378
3,508,2.565498289002034
3,516,0.9073258023658711
3,518,0.9429193967646896
3,519,3.971571634542457
3,520,16.306723153451525
3,524,13.318051225755795
3,525,11.539664659878495
3,526,11.550009270512518
3,527,11.57142984440919
3,528,11.566077918663975
3,529,11.581773611557031
3,530,11.611787645111752
3,531,11.603104388289124
3,544,11.633187802054124
4,1,12.430429126240858
4,4,13.507819957158285
4,5,11.493676101311145
4,7,16.67683477652885
4,8,18.844036809673163
4,9,13.962271683912402
4,10,13.516463644018053
4,11,13.434144036876075
4,13,11.204668900269526
4,14,16.33778109319861
4,15,12.17316577743718
4,20,8.518792697124766
4,24,17.588077876247056
4,36,2.453165046270928
4,39,8.597624812485286
4,40,11.857572725601708
4,41,8.54101517699928
4,42,5.490298486251147
4,45,7.632535875796923
4,52,8.463137308709275
4,57,4.148747132986917
4,58,18.78428475785429
4,61,8.582037569057203
4,63,9.231543682928143
4,64,14.974084584307311
4,70,14.034881705548237
4,72,7.626644620698221
4,78,11.671051052025373
4,84,12.833759735720395
4,85,10.368575924087384
4,86,9.120472336423292
4,87,9.093384697921094
4,88,11.54087399365761
4,89,9.385463583131363
4,90,9.694571320089267
4,91,10.490663067564862
4,92,9.156658726735223
4,93,9.159854692437861
4,94,9.827595691079159
4,95,10.879860849593966
4,96,8.654098838465247
4,98,9.622366294495992
4,99,9.399971348115105
4,100,10.55003235424695
4,101,11.092793084607443
4,102,9.28049083456124
4,103,10.24993473322199
4,104,10.647254647327642
4,105,10.692075718371155
4,106,10.713330560007035
4,107,9.583335976204854
4,108,9.33093768965238
4,111,9.378155515160781
4,115,10.04280533046582
4,116,17.207983671128773
4,117,9.939751017355535
4,120,8.42661723788323
4,122,17.99232218968065
4,123,9.113979457538694
4,124,11.879975127265917
4,135,2.4846693298620126
4,139,7.907378233496615
4,140,7.7971910547591605
4,141,11.343229658751499
4,142,0.7238983316357588
4,150,17.588077876247056
4,153,7.846035144221055
4,154,10.328280138496254
4,159,9.141319825533671
4,166,14.171263410298195
4,167,5.402939396480496
4,170,9.556871366475534
4,172,17.80580872917539
4,173,9.324575946437767
4,175,19.12986423530066
4,176,10.238915253625327
4,177,5.402939396480496
4,181,1.9973455739140324
4,183,11.20156651494452
4,207,2.418722005939741
4,220,7.711776301395206
4,222,11.097127655020326
4,230,19.047081922160718
4,231,4.969193887221432
4,241,5.34391821321357
4,242,8.403935867322314
4,246,5.081490041691129
4,247,5.259676025686118
4,249,10.17199055946493
4,253,5.630515282945023
4,256,18.28271468405075
4,257,11.497302975401656
4,258,7.990878328613591
4,259,3.865018673472533
4,260,2.5626174167460944
4,261,18.089987026824843
4,262,17.857279198881624
4,263,11.657932060764612
4,264,6.975763303439683
4,271,8.013471232386571
4,272,11.659644862237442
4,273,9.267531461028662
4,274,11.196408187803083
4,275,11.509019933582149
4,282,15.137016321646081
4,285,9.735625438571256
4,305,18.351706784922147
4,307,16.536295382954503
4,336,8.943989758498589
4,348,0.32948055526845593
4,352,12.38460617213747
4,355,4.509188169082397
4,361,0.08739600847898245
4,371,5.871590702376246
4,374,6.014322012553051
4,379,3.980441308100289
4,382,4.101309856903527
4,385,4.536453942719132
4,391,12.921538231992814
4,395,4.387113471134682
4,396,16.32503727610832
4,400,4.061027846933068
4,404,3.0849120115043696
4,407,2.427752400990478
4,412,3.4977716015000713
4,414,2.4736884425064765
4,415,2.988817481472117
4,416,2.9601130361687655
4,417,6.145698394845293
4,418,2.969234402744247
4,419,3.4813458128091352
4,420,1.1807004081607544
4,428,4.091834781798181
4,436,2.969234402744247
4,437,2.415361689471453
4,444,2.4811080599852233
4,466,11.68076894800192
4,472,19.19348106248982
4,483,2.3722015342534086
4,491,2.3531313991069758
4,492,2.4473817426932167
4,495,5.046310625202175
4,497,3.5349495590812356
4,498,3.491439697186187
4,502,7.906795122589263
4,508,4.054871691129155
4,516,2.484151231238072
4,518,2.36167202969278
4,519,6.84083018689855
4,520,19.381135599641674
4,524,13.049841268579328
4,525,10.965938387501755
4,526,10.970942409522449
4,527,11.016171194844967
4,528,10.98949193607456
4,529,11.005968148895386
4,530,11.034956961938232
4,531,11.046608793017304
4,544,11.05138398762417
5,1,19.90969844335907
5,4,17.665011506962472
5,9,18.52325346341701
5,10,17.782261736017507
5,11,18.20402136359891
5,13,16.11070842146205
5,15,17.188198123941245
5,20,1.469069634420818
5,36,7.277271861186593
5,39,1.3287364678625895
5,40,19.57802338888954
5,41,1.391395879943736
5,42,6.429541691285986
5,45,5.528636369323048
5,52,5.248850396665019
5,57,5.522699025486101
5,61,1.3611068238894068
5,63,1.511690753009988
5,70,18.508395404184174
5,72,5.596645720952419
5,78,16.715726446927235
5,84,3.4037507776279585
5,85,10.965556038826348
5,86,11.529269025170366
5,87,11.533836573649822
5,88,10.858795995079156
5,89,11.391438426911247
5,90,11.190655014803083
5,91,11.250182584771789
5,92,11.506545180890111
5,93,10.195576270152706
5,94,10.332525508940641
5,95,11.585446859901078
5,96,9.297715314021321
5,98,10.646119710842186
5,99,10.693339988521641
5,100,10.802419245551395
5,101,10.550405454873761
5,102,11.19466678719067
5,103,10.514254664773178
5,104,11.37349890935788
5,105,11.395917194459281
5,106,11.386004150121662
5,107,11.68818071865428
5,108,11.196435605660493
5,111,10.621192460889885
5,115,11.190549188134051
5,117,10.70046823995915
5,120,9.498402590014765
5,122,16.7629986234471
5,123,10.989101092701423
5,124,16.239437496188543
5,135,7.2609194075955985
5,139,2.268869541307913
5,140,2.317199790748637
5,142,9.287893933635843
5,153,2.237300239107683
5,154,10.513998009784869
5,159,11.150278272889578
5,167,4.818215990676217
5,170,10.767550972233723
5,173,10.752568679466581
5,176,10.586449195880165
5,177,4.818215990676217
5,181,7.705846086627851
5,183,19.38854216523933
5,207,7.314379840510419
5,220,5.634699885162631
5,222,10.781051392512568
5,231,8.929673186438738
5,241,4.739837726941219
5,242,1.9824068923606346
5,246,5.311375743880597
5,247,4.923643012048182
5,249,19.679498675303357
5,253,6.055014066084266
5,257,10.85064758191453
5,258,17.567801307984958
5,259,5.7312757219113974
5,260,8.122628262542682
5,262,16.483725785616315
5,263,10.881792138640664
5,264,7.8514708333759575
5,268,19.889884073997845
5,270,18.115369689456312
5,271,17.589109107558436
5,273,11.259334348078545
5,274,10.65855913722989
5,275,10.875994976811219
5,278,19.994738035351368
5,285,10.662906610794497
5,305,19.491892880153426
5,336,1.552088357478607
5,348,9.80174095791433
5,352,3.0952216535707917
5,355,10.685446511962018
5,361,9.617077678248073
5,371,3.9779553257670925
5,374,3.8868318215118105
5,379,5.648104955371146
5,382,5.477490037092253
5,385,10.726616557215122
5,391,3.518433309059898
5,395,10.566151021909405
5,396,6.913781104488015
5,400,5.582803524564939
5,404,7.010009805346385
5,407,7.307161316744215
5,412,7.9234212432418865
5,414,7.251020071021731
5,415,7.868305576223273
5,416,7.889777277691032
5,417,6.7076490923897065
5,418,7.860915723134225
5,419,7.934550919774773
5,420,10.13611300752349
5,428,5.485807773310459
5,436,7.860915723134225
5,437,7.282377336156198
5,444,7.245083750368072
5,466,10.904018161050528
5,483,7.3790917335564465
5,491,7.355879491389321
5,492,7.2966087523026
5,495,10.410946480854447
5,497,7.9057840215453705
5,498,7.958370860933519
5,502,2.2375102558592417
5,508,5.599666484268553
5,516,7.227779767717825
5,518,7.359885709870032
5,519,3.447323176426703
5,520,12.04595178112686
5,524,11.318355354901758
5,525,10.684509887757057
5,526,10.7040170028291
5,527,10.665436079480406
5,528,10.70992625578296
5,529,10.719428713606932
5,530,10.743335583877803
5,531,10.690984083189857
5,544,10.77002414251787
6,1,1.4886489682669077
6,3,11.663162944489873
6,4,7.823801731924573
6,5,2.457684468571077
6,7,7.078244272221563
6,8,10.754567077704984
6,9,7.339900454180872
6,10,7.656411778033246
6,11,6.821114493443765
6,12,10.0778620526807
6,13,6.283068748152173
6,14,5.787621414408185
6,15,6.135002350552429
6,20,18.662457832212596
6,21,16.316433745661694
6,24,10.539858552441808
6,36,12.575541562218797
6,39,18.688717737606293
6,40,0.7032571264075685
6,41,18.649244548333712
6,42,12.882689410918276
6,45,18.8490717261351
6,46,12.129414438281872
6,49,12.129414438281872
6,52,19.636658988415196
6,57,14.826343407099944
6,58,10.700166758736728
6,59,13.734829681023013
6,61,18.686151841704355
6,63,18.22107168716625
6,64,4.743265675436972
6,70,7.5061841518296655
6,72,18.850788317975567
6,78,6.04695848052732
6,86,19.738301755538686
6,87,19.7050430410606
6,92,19.788504825351918
6,96,19.789588897708384
6,116,7.161531223904677
6,120,19.512439186180096
6,123,19.90654859828158
6,124,7.1820832104086545
6,135,12.569340504750514
6,139,17.00774147362835
6,140,16.9370176806542
6,141,3.2961890092916266
6,142,11.989798991464
6,150,10.539858552441808
6,153,17.013176928618527
6,159,19.888554188961503
6,166,3.0497293200829545
6,167,16.301084157517316
6,172,10.63183719932467
6,175,11.235911464209162
6,177,16.301084157517316
6,181,12.293472729757816
6,183,0.7771002286748052
6,203,17.405381287458162
6,207,12.544078623427922
6,220,18.939653829015302
6,230,10.532876216109061
6,231,16.03577269910219
6,236,16.763847114883006
6,239,14.86658773679465
6,241,14.505524670313209
6,242,17.416330122538287
6,246,13.91148081491338
6,247,16.163335060550082
6,249,6.824685374015228
6,253,13.25367042982357
6,256,7.434247164960363
6,258,8.23059804329441
6,259,14.072610292637007
6,260,13.860558490402807
6,261,9.956641025562812
6,264,18.237166729248596
6,271,8.367285852170863
6,272,5.098126350070321
6,273,19.999036158300765
6,280,13.761012283088197
6,281,14.175758801075224
6,282,6.927008626130159
6,296,14.402446926562298
6,297,16.903020951902587
6,305,14.407466495943515
6,307,6.13046552134524
6,336,17.989906563964713
6,348,11.327564459005147
6,355,8.528755499767046
6,361,11.329193094483713
6,371,16.45229823930641
6,374,16.6111686529217
6,379,14.604685790407556
6,382,14.494644795051565
6,385,8.487529351462312
6,395,8.649201014563225
6,400,14.704056389061245
6,404,12.489700829912756
6,407,12.547278454261132
6,412,14.783910511572065
6,414,12.602807593883927
6,415,14.288424725492192
6,416,14.25955147038285
6,417,17.443170664504045
6,418,14.269098202261434
6,419,14.767024887448917
6,420,11.775402704982598
6,428,14.465384194736206
6,436,14.269098202261434
6,437,12.615916944321777
6,444,12.60541273743218
6,472,11.721773956020622
6,481,11.17449941346923
6,483,12.473241053352321
6,491,12.54440803708304
6,492,12.544168388014924
6,495,8.851334371525704
6,497,14.821501584329637
6,498,14.77476460543386
6,502,17.03105668141374
6,508,14.71964577575286
6,516,12.637452063513221
6,518,12.524526326306244
6,519,15.786255365247944
7,8,19.46376376326371
7,24,18.306413755043252
7,58,19.477669311995406
7,150,18.306413755043252
7,172,18.379637939017062
7,175,18.983318450189394
7,180,2.3427195687868863
7,233,18.714227319387174
7,236,16.641085167126114
7,239,16.818268389309598
7,248,0.23507928386666052
7,250,0.13182225573532852
7,251,2.2029945116070118
7,261,19.856889961877226
7,296,17.285269392623025
7,308,12.434144505266916
7,322,8.854470105914286
7,332,16.883303006231372
7,372,15.093604234880342
7,472,18.176886526420585
7,499,7.403920195060654
8,5,19.680814958131087
8,20,9.812424221955283
8,36,9.701665248484789
8,39,9.954586280991869
8,41,9.898694820575681
8,42,12.562468617691215
8,45,5.716262456974618
8,52,6.1154616397816195
8,57,8.387674163282078
8,61,9.920797336285242
8,63,12.176532900960384
8,72,5.648247450330919
8,84,14.218757772297112
8,85,1.468477263446874
8,86,0.5841579079159761
8,87,0.618480087842162
8,88,3.043822188491165
8,89,0.16858970239493865
8,90,0.4457751362387456
8,91,1.396201859914171
8,92,0.5196892049040379
8,93,1.1378539806537478
8,94,1.4919501692463921
8,95,1.68104901739133
8,96,1.9741828668550345
8,98,0.9397983259958267
8,99,0.6926593816222345
8,100,1.8365598599621775
8,101,2.735465450357849
8,102,0.08671341854567656
8,103,1.7533642069169189
8,104,1.5112759011795922
8,105,1.5537839822589452
8,106,1.5869255138659435
8,107,0.44731402709208434
8,108,0.04948647457665223
8,111,0.7629910954564676
8,115,0.877430738298156
8,117,1.2120328339059074
8,120,1.7473472892784307
8,122,8.723721805009907
8,123,0.28721066594298766
8,135,9.739512889365772
8,139,11.491913572431226
8,140,11.396701834542004
8,141,19.26080513931796
8,142,8.65163973110642
8,153,11.372553228478747
8,154,1.8439462015488084
8,159,0.22999821872611134
8,167,7.536850893436403
8,170,0.7382061236011236
8,173,0.5699610570131515
8,176,1.6683750226525051
8,177,7.536850893436403
8,181,9.614454022942377
8,183,19.84924832205793
8,207,9.706037907779788
8,220,5.6115809096910105
8,222,2.5393745033838777
8,231,4.446052637081411
8,241,10.78057133086797
8,242,11.801314508185854
8,246,11.129105789512273
8,247,7.546974728807644
8,249,16.648626671382498
8,253,12.41899425155905
8,257,2.994059322963666
8,258,13.94876225462929
8,259,9.309983630464254
8,260,7.102555802530258
8,262,8.626379309676521
8,263,3.17727232277568
8,264,3.574736950292159
8,271,13.878129517583218
8,272,18.910079528465282
8,273,0.13347772944130656
8,274,2.7704973123348053
8,275,2.9886050018917256
8,285,1.0331805467294417
8,336,11.968514969739378
8,348,9.20414012468595
8,352,14.125505847883979
8,355,13.761241298127132
8,361,9.30472839989411
8,371,8.374911971832557
8,374,8.330565490693125
8,379,8.54168836282904
8,382,8.959083041705586
8,385,13.793960829163607
8,391,14.360132780780344
8,395,13.627322843179348
8,396,15.14674283883263
8,400,8.483071474166124
8,404,10.404672668204501
8,407,9.71089289535696
8,412,6.220465546747677
8,414,9.688857090566021
8,415,6.789560820496966
8,416,6.8070131438298445
8,417,4.9508036470544345
8,418,6.816056223123516
8,419,6.230936578090371
8,420,8.53220293062306
8,428,8.996083123333538
8,436,6.816056223123516
8,437,9.615817399140914
8,444,9.692961317170658
8,466,3.1891977777472182
8,483,9.745349450985564
8,491,9.64275190161873
8,492,9.733407872278361
8,495,14.163686382331221
8,497,6.192706735724082
8,498,6.207609553578813
8,502,11.456627524685404
8,508,8.438595171607696
8,516,9.65707479136322
8,518,9.674838185740446
8,519,11.375123408123745
8,524,4.703479963915983
8,525,2.4576859630063708
8,526,2.4468075188156035
8,527,2.537416828832762
8,528,2.464906925393961
8,529,2.4773183695862437
8,530,2.493092348789093
8,531,2.5532378984968904
8,544,2.4908779658050975
9,6,13.389147627527068
9,16,13.677931070759023
9,17,13.625597268526198
9,19,9.290226247096031
9,23,7.313170128277631
9,26,8.234398370153889
9,27,13.579010839947621
9,28,10.98458598845291
9,29,9.014528545131931
9,30,9.126560418258867
9,31,8.826273023440878
9,43,6.172581506925533
9,44,13.84067187401872
9,47,7.280576191635471
9,50,18.20605351355393
9,51,9.258938672225254
9,62,7.2055632705588195
9,65,7.686468869463129
9,67,8.50222368983825
9,68,14.519839624726037
9,69,6.943312952945406
9,71,13.583426345092324
9,73,15.051875254209046
9,74,8.061147685920018
9,75,13.452970926364474
9,76,13.453998921440366
9,77,9.355762682309045
9,79,13.127738122131522
9,80,9.130872631378722
9,81,8.533627750476196
9,82,8.156001693939103
9,97,15.072890775737122
9,109,13.572856104146844
9,110,14.514001636245704
9,112,10.519373540877451
9,113,17.862843559270555
9,114,8.180234099994234
9,118,17.116539026276932
9,119,7.350329119986896
9,125,8.438295608443127
9,126,8.394153612009541
9,127,8.438537398009686
9,128,8.467062351075324
9,129,8.498128863313406
9,130,8.453174158154003
9,131,13.32761161462824
9,132,8.63057603253684
9,134,15.957242255960018
9,136,17.14505114239964
9,137,8.742730636336683
9,138,13.671359589980991
9,143,8.335864059454073
9,144,19.832567445787685
9,145,7.917094071706627
9,146,12.110733694813971
9,148,14.73418449040985
9,149,8.463822396143337
9,152,16.952553297814077
9,171,7.101247967594694
9,174,8.177823781315384
9,178,18.455279621301617
9,188,14.705865060496382
9,193,6.9209362037619035
9,194,7.92001037322398
9,195,7.906510501462093
9,196,16.899740879851365
9,197,16.893790284183172
9,202,6.235257173588358
9,204,6.144513047486446
9,205,6.868674238364736
9,208,19.654732516215233
9,210,15.347988587590281
9,212,14.605818890915018
9,213,19.68966900145676
9,214,7.6904361063102025
9,217,8.668506296921098
9,218,8.794915466826973
9,219,8.80050046017941
9,223,15.320309445591334
9,224,6.770257762644691
9,226,4.879879195194727
9,232,8.874305565698279
9,254,1.009540116862498
9,265,16.620342076612282
9,266,17.87655525261211
9,277,13.989865055050545
9,289,15.316084106688956
9,294,8.536715228393213
9,298,15.322400595110919
9,303,6.323205444854199
9,315,14.81648748849332
9,316,8.048199035401263
9,325,13.679801189039203
9,327,8.974970420386157
9,328,9.246369771056013
9,329,9.24995479633626
9,342,7.345972039661593
9,343,7.3037648710645255
9,344,19.861805812522245
9,345,14.861579390344863
9,346,8.575468104988209
9,349,6.749863407436284
9,353,18.822342457346053
9,354,18.906004468635494
9,357,15.129571883239496
9,358,14.78128742703125
9,359,14.791093773578794
9,360,11.080439548373878
9,362,14.817924192384897
9,363,14.842212670989138
9,368,0.6181052268812496
9,376,14.15503888276012
9,383,19.23411596061772
9,384,19.208884748925964
9,388,11.773772689975305
9,402,9.27413044581289
9,405,8.323111423237428
9,409,7.206847730578963
9,410,13.260659518998136
9,411,7.5418433496035835
9,421,10.421499681897975
9,422,13.36413907937574
9,434,7.994599400135151
9,435,7.88644321096293
9,439,7.7678684372867215
9,440,6.728943116407643
9,441,6.84090191969354
9,442,7.122120527108812
9,443,7.066929199782344
9,449,18.78366543407698
9,457,8.253583972009976
9,464,9.763423449092882
9,467,0.6262588268167218
9,468,9.289717906043045
9,469,5.841828871362671
9,473,7.165384607786526
9,474,7.122728721286892
9,482,16.735099990971516
9,484,5.195825198878543
9,487,7.865851830709956
9,488,8.150154695166519
9,489,8.085715995852391
9,490,8.646938667123326
9,500,19.25089761173738
9,501,14.724526293257048
9,509,19.34064643288594
9,510,19.192594878045004
9,511,19.15592838232521
9,539,13.352533316041825
9,542,19.220344878003797
10,19,8.304472864641056
10,23,16.372919030013442
10,26,8.463749494125413
10,28,18.571371816125367
10,43,16.96714891658273
10,47,17.235542000782765
10,48,12.079990433710051
10,50,12.697375667799378
10,51,18.972490925582154
10,62,16.832518325880933
10,65,17.76565977451059
10,66,8.84441717093427
10,67,8.16098335631623
10,68,6.21520503637162
10,69,8.237813474023683
10,73,9.255790235136306
10,74,8.60158152574481
10,77,8.728990874084477
10,80,8.41489352054674
10,81,8.763974782040943
10,82,9.128651600991327
10,83,11.596583876643678
10,97,5.463985591993115
10,109,10.130550125764964
10,110,0.7154541756210524
10,112,5.760953581074518
10,113,11.240323553856218
10,114,8.487298621132592
10,118,11.679931225694755
10,119,7.80163431161003
10,125,7.963038876683385
10,126,8.01355388011068
10,127,8.012360531682273
10,128,8.024515987645701
10,129,7.958735407576488
10,130,7.909757183509941
10,131,4.658448611997368
10,132,18.617713406456705
10,133,10.645795993989449
10,136,4.177964668492739
10,137,8.464046153783995
10,143,8.5759778404855
10,144,6.715716047200412
10,145,17.06730494653834
10,146,3.2152053028956766
10,148,9.886151808800115
10,149,7.782778974170137
10,171,16.343726111070378
10,174,8.517172976904838
10,188,9.882305454418448
10,193,16.523754819891966
10,194,17.227194710910663
10,195,17.246231979635603
10,202,15.670586252129498
10,204,15.936674573812619
10,205,16.232286317571184
10,208,6.460265372420311
10,210,1.6359729360638624
10,212,7.06725960805258
10,214,19.370633729229453
10,217,8.707685408916765
10,218,8.581958938805766
10,219,8.626208291162941
10,223,7.284551042019092
10,224,9.436668715714218
10,226,11.568225903698066
10,232,18.060113306772855
10,233,18.091786150304834
10,254,15.230064157426009
10,265,3.4727647460438207
10,266,11.208220157722478
10,267,10.644083617257706
10,277,1.341139134340231
10,294,17.917657503920456
10,303,16.70423185334103
10,316,17.87400574823652
10,327,8.16898751957764
10,332,18.682298261328967
10,334,12.33674627966757
10,342,17.625927558794352
10,343,17.578348845993947
10,344,6.347509013163412
10,345,10.062626437585156
10,346,7.6273585337075485
10,349,17.499494665862596
10,360,4.096486291537549
10,368,15.718837050119896
10,372,19.14657910163878
10,380,8.154547895593469
10,388,3.39731823927513
10,405,14.483792459009747
10,409,16.40616629855649
10,410,2.6675349137159974
10,411,17.775289523744103
10,422,7.401711830951476
10,430,11.094098510803036
10,431,11.094098510803036
10,432,11.14361133805461
10,434,17.305190471635807
10,435,17.23295455216493
10,439,19.35296665742055
10,440,16.0533230947635
10,441,16.21898923851207
10,442,16.66839181456781
10,443,16.601851301817494
10,457,8.960465068059404
10,462,12.26302111894144
10,463,10.380514554809114
10,464,16.06850122365989
10,467,15.737241206487381
10,468,8.343724801778116
10,473,16.399288479854647
10,474,16.382121989479803
10,484,13.957982849818183
10,487,18.317462579402125
10,488,18.569621774212397
10,489,18.636760564364256
10,490,18.737328424745595
10,507,8.905606651649153
11,18,15.946434986280233
11,151,19.586891132956055
11,160,19.172417365786046
11,185,11.23276536552361
11,199,17.20748496801524
11,206,11.372958014303679
11,215,12.56166337111731
11,216,12.457685491363087
11,288,12.328072548623636
11,339,17.867393863220006
11,356,1.9033136230614833
11,389,11.201018784138078
11,423,0.2720424151064819
11,451,11.20894858235787
11,471,4.866330782830536
11,476,12.4575706474075
11,485,12.128400255528229
11,505,15.316368546346792
11,521,0.2720424151064819
11,537,4.874554554160231
11,540,4.90911221524735
12,6,18.01960762249054
12,16,18.368212259362522
12,17,18.507028648039082
12,19,2.5844229926611124
12,23,10.739781688398907
12,26,3.0468337559551317
12,27,18.301697501603588
12,28,12.81805311845335
12,29,19.723136512871623
12,30,19.89082745660957
12,31,19.603485740243848
12,43,11.496462831457034
12,44,18.54566658675791
12,47,11.639933568571276
12,48,17.822960824735667
12,50,16.149587639143856
12,51,13.282839925152924
12,62,11.227077638433403
12,65,12.153505429687923
12,66,14.399328921433023
12,67,2.7314299830235598
12,68,9.69896455964199
12,69,4.600534698405379
12,71,18.212172162520627
12,73,12.2804153910649
12,74,3.2159602539760956
12,75,18.149056365763677
12,76,18.149284786710577
12,77,2.9815670698497994
12,79,17.85100227258659
12,80,2.7112878000935146
12,81,3.151027060940607
12,82,3.5574898155437804
12,83,17.034311039388108
12,97,9.44674554738489
12,109,12.254739189002201
12,110,5.457417173422947
12,112,0.6575396588891269
12,113,14.952864725763307
12,114,3.087952472945258
12,118,14.975238711440594
12,119,4.642938492425692
12,125,2.6710647634751497
12,126,2.721252411160726
12,127,2.6918893776654036
12,128,2.6795643635453135
12,129,2.6300062547748606
12,130,2.64011260074656
12,131,7.681121903251473
12,132,12.960145546783615
12,133,16.36268785771754
12,136,9.54935127683217
12,137,2.8467237034233337
12,138,18.586809606396354
12,143,3.075037944469977
12,144,12.309777854454863
12,145,11.404428287012873
12,146,2.9110951568651093
12,148,12.611016723116466
12,149,2.5915197415162936
12,171,10.730635760856762
12,174,3.107178638141758
12,188,12.594987897751754
12,193,10.936604418166134
12,194,11.569869796854187
12,195,11.590766759068112
12,202,10.1362522572409
12,204,10.422692303361444
12,205,10.640134076528346
12,208,12.062388649505667
12,210,5.076597030881515
12,212,10.396662083214279
12,214,13.86865548383883
12,217,3.0678916625310886
12,218,2.9297131979956896
12,219,2.966091793374152
12,223,10.929539861120208
12,224,4.377773244876804
12,226,6.567360850735848
12,232,12.362131570680068
12,254,11.41438222235393
12,265,8.828897248015236
12,266,14.934877628765276
12,267,16.361431512764067
12,277,5.318257114565096
12,294,12.237757039092267
12,303,11.198536797880399
12,316,12.232303693087571
12,325,18.37450526046444
12,327,2.5405026950742013
12,328,19.937599645867767
12,329,19.902342934003617
12,334,18.000437144017276
12,342,12.04282753762977
12,343,11.997427491831036
12,344,12.015061866347756
12,345,12.803771121570156
12,346,2.4644404833876554
12,349,11.981506368702476
12,360,3.808966212692465
12,368,11.491993217405799
12,376,19.20131564575479
12,380,13.833834082454711
12,388,3.909929277570764
12,405,13.479357638778076
12,409,10.784524148795457
12,410,3.106592844580354
12,411,12.178739234155682
12,421,15.089763465460612
12,422,9.972687879475156
12,430,10.131915314516721
12,431,10.131915314516721
12,432,10.157523987998701
12,434,11.644551403780019
12,435,11.578698367081797
12,439,13.838623366872591
12,440,10.47077020512568
12,441,10.629450808658929
12,442,11.065112109068878
12,443,11.001829088116029
12,457,3.392933884962175
12,462,17.92574754016731
12,463,15.996895835402041
12,464,10.31522935869481
12,467,11.516581882040402
12,468,2.6206467457838096
12,469,16.849368053638578
12,473,10.781573788564048
12,474,10.768155282695082
12,482,15.73282854281428
12,484,8.57143813292128
12,487,12.716553190342871
12,488,12.95386112793308
12,489,13.031562549982867
12,490,13.084193166398164
12,507,14.469924125564818
12,539,17.87220576604691
13,19,15.795559481940211
13,26,15.647914512457444
13,48,6.227622124784822
13,50,8.316397940773516
13,66,6.152363332608604
13,67,15.384959402569843
13,68,6.022080938995453
13,69,14.281205682669885
13,73,7.262241601807606
13,74,15.747884098110367
13,77,16.270825889496194
13,80,15.875505136904204
13,81,16.096631850199746
13,82,16.394292183242243
13,83,3.668057094661623
13,97,5.3274076013719345
13,109,9.181736570404565
13,110,8.016364765450177
13,112,13.241404813184392
13,113,6.849925631625326
13,114,15.65565400368143
13,118,7.95211999533498
13,119,13.658980292371933
13,125,15.115201665990824
13,126,15.159575348450554
13,127,15.177122400740735
13,128,15.204195731344202
13,129,15.13545703404714
13,130,15.05442519258709
13,131,7.084803669850989
13,133,3.647403518938838
13,136,3.8594494333975233
13,137,15.820372903489103
13,143,15.817584751692172
13,144,1.3603899267366222
13,146,10.530910955840906
13,148,8.060421071365305
13,149,14.8963854070728
13,174,15.69073133536746
13,188,8.080169684078985
13,208,1.6028871165528205
13,210,9.320853577820802
13,212,6.2475731102501255
13,217,16.072948260954522
13,218,15.968565909885879
13,219,16.019554128118667
13,223,5.65236565893911
13,224,16.236061763911284
13,225,16.65564601033214
13,226,18.078750770001623
13,233,10.652069221886292
13,236,19.036457902667443
13,265,4.580866364388993
13,266,6.801289818373378
13,267,3.6513014778477486
13,277,8.090677326757433
13,308,17.78971227853006
13,322,18.80704888974411
13,327,15.555740532019305
13,332,10.940770932075615
13,334,4.7967944748231695
13,344,1.9741258329230997
13,345,8.111694229019658
13,346,14.747381740640765
13,360,10.368166014744249
13,372,11.236384511661793
13,380,1.5877971041316816
13,388,9.876270313161026
13,405,16.30454749112134
13,410,10.497905638304875
13,422,7.557953638815373
13,430,17.796880585209124
13,431,17.796880585209124
13,432,17.853883659406
13,457,16.23378442120383
13,462,4.721585584376442
13,463,2.7330604018656968
13,465,16.7590278563328
13,468,15.838478829553079
13,507,6.116214580726761
14,1,2.1981500747548783
14,3,9.334576458144484
14,4,9.0540279352099
14,5,2.740045374347058
14,7,5.142926959955751
14,8,9.087902288562825
14,9,8.36168479098568
14,10,8.862655342320245
14,11,7.940383853888693
14,12,7.752851494016846
14,13,7.986553715034691
14,14,4.974675775649645
14,15,7.574384212541483
14,21,15.21115387262463
14,24,9.221455563138484
14,36,14.885324374173527
14,40,2.1050203588966068
14,42,15.235007379767975
14,46,9.81406011358745
14,49,9.81406011358745
14,57,17.131986612390456
14,58,9.038615364625258
14,59,11.488379899500258
14,64,2.763798780743472
14,70,8.530611054718431
14,78,7.622133776762473
14,116,5.041370351875741
14,124,8.77266789084417
14,135,14.880569819423304
14,139,19.36247406678439
14,140,19.29181036310007
14,141,3.53219726936989
14,142,14.18194980978861
14,150,9.221455563138484
14,153,19.36797547915765
14,166,2.1439376685243885
14,167,18.59755118375935
14,172,9.26533584600391
14,175,9.600528108577164
14,177,18.59755118375935
14,181,14.590493026078027
14,183,2.306915773678076
14,203,15.059338178592725
14,207,14.853216197989987
14,225,18.378179694347722
14,230,8.745600780011172
14,231,18.136259945929766
14,236,15.020673621593533
14,239,13.211762613024577
14,241,16.85739598719788
14,242,19.770509053483988
14,246,16.264680255208667
14,247,18.45866424507527
14,249,7.411661053149522
14,253,15.606390669735367
14,256,6.11744901720755
14,258,9.394481857393048
14,259,16.396442269092784
14,260,16.057449622148884
14,261,8.33018064720074
14,271,9.52355132163247
14,272,5.094193327225933
14,280,12.215257729739733
14,281,12.57037167504256
14,282,5.620036534514436
14,283,18.79819425040259
14,296,12.718419230394636
14,297,15.949404008313648
14,305,15.446085199446301
14,306,19.830750658754972
14,307,5.396280303380295
14,308,18.658075845270346
14,348,13.513200503184102
14,355,10.88297945801718
14,361,13.531818514930473
14,371,18.77289037584153
14,374,18.93151342964543
14,379,16.912134453142848
14,382,16.813712991188968
14,385,10.841804918144293
14,395,11.002939482053785
14,400,17.01106094247977
14,404,14.822487301907042
14,407,14.85671206271196
14,412,16.966660462675883
14,414,14.912754655089726
14,415,16.48785719279952
14,416,16.45852053957775
14,417,19.652137089157048
14,418,16.469564156411508
14,419,16.949512799065623
14,420,13.90386130408651
14,428,16.785162593023284
14,436,16.469564156411508
14,437,14.92303972200391
14,444,14.915601914980272
14,465,18.702825247935465
14,472,10.185048852684172
14,481,8.848837673152614
14,483,14.7821817331744
14,491,14.85074808786192
14,492,14.854488367894804
14,495,11.203266839819323
14,497,17.004410023599547
14,498,16.955627532609075
14,502,19.385820084935563
14,508,17.02537996933485
14,516,14.946943423985752
14,518,14.831752156286399
14,519,18.141054943156274
15,19,10.736624756699419
15,23,17.777817641526077
15,26,10.309620115976328
15,43,17.90618640869809
15,47,18.478110472753208
15,48,12.059425624941804
15,50,7.680789902322445
15,62,18.125776119177367
15,65,19.031622427177584
15,66,10.437965516650538
15,67,10.09491268557945
15,68,1.0693073336391414
15,69,8.435466694996622
15,73,4.101316891840912
15,74,10.374577594606288
15,77,11.243213588321714
15,80,10.777765955230999
15,81,10.85824921782738
15,82,11.080740804888155
15,83,9.173697285074441
15,97,0.798292686756898
15,109,5.121069963686157
15,110,4.672022953250872
15,112,8.384271494478337
15,113,6.323268564965283
15,114,10.304570393064976
15,118,6.598363185903849
15,119,7.785941025295569
15,125,9.785404341325988
15,126,9.822129907708165
15,127,9.853023766821728
15,128,9.89004816518565
15,129,9.823504608543239
15,130,9.72290759408682
15,131,1.1591453247788495
15,133,9.690886035910871
15,136,3.3897504607737177
15,137,10.62021921121591
15,143,10.515746941830155
15,144,5.640084967505162
15,145,18.54042141253558
15,146,5.9644132018871785
15,148,4.740154060222821
15,149,9.552054292990736
15,171,17.68717284070533
15,174,10.341617376931893
15,188,4.737653760395475
15,193,17.780945297642386
15,194,18.671859102569428
15,195,18.6831508288065
15,202,16.84184136114054
15,204,17.04116792601461
15,205,17.520605089125546
15,208,5.500530768702383
15,210,6.746964870046466
15,212,1.9158196157406657
15,217,10.866435592335602
15,218,10.788804966224232
15,219,10.843446615804169
15,223,2.2443577515470126
15,224,10.616238317740276
15,226,12.263849068027131
15,232,19.638026146990455
15,233,16.612536636737396
15,254,14.043786997545416
15,265,3.250836020595761
15,266,6.298503710086881
15,267,9.693871514793742
15,277,4.257301641076178
15,294,19.41984710209753
15,303,17.740412855662505
15,316,19.232195048198456
15,327,10.40153280970864
15,332,16.668476370101043
15,334,10.819699925625129
15,342,18.812010114612175
15,343,18.76064657663092
15,344,5.806591937046015
15,345,4.91331653836367
15,346,9.41834112280832
15,349,18.519503570487903
15,360,5.076224330066463
15,368,14.92826766679822
15,372,16.563073032789152
15,380,7.252536009901687
15,388,4.853292925934866
15,405,10.915713204664536
15,409,17.77249081238432
15,410,6.632835498009478
15,411,18.993168824399703
15,422,2.4443859178244662
15,430,16.214991832859454
15,431,16.214991832859454
15,432,16.262987053712067
15,434,18.75844769302924
15,435,18.66610845446164
15,440,17.325426759119598
15,441,17.500677379942935
15,442,17.96418041916687
15,443,17.891717784870753
15,457,10.935286574718363
15,462,10.745763513965382
15,463,8.777280941864488
15,464,18.26290854388531
15,467,14.937715782136506
15,468,10.781048124941536
15,469,19.008715159328816
15,473,17.753778236185823
15,474,17.72606746044304
15,484,14.950634178205474
15,487,19.52250094532631
15,488,19.8096425909348
15,489,19.840438735135443
15,507,10.453690082592873
16,155,3.78997539518968
16,156,3.775413145777447
16,243,1.1436298943689138
16,291,1.3123257116398972
16,292,5.7552919356851735
16,302,10.128810388671932
16,311,3.677113376953649
16,312,2.3383501365285086
16,313,3.7402101303453734
16,337,11.998452831206977
16,351,7.872410752668632
16,365,1.1648877909397672
16,392,1.403173296198882
16,393,1.199056506395227
16,394,1.4458586280688315
16,413,1.2371261945143768
16,429,10.003742537819264
16,447,1.7365537119163943
16,450,1.3104981167495515
16,453,1.2778513394151414
16,470,3.253940248332157
16,475,16.960737944194857
16,480,3.1996970733031564
16,494,0.31856779540310975
16,496,4.784253174639291
16,503,0.31628418615359555
16,512,5.707289696325163
16,513,5.644983537640908
16,514,1.9198951896711287
16,515,2.019861649243579
16,522,1.8576490471596865
16,543,1.8938447905252365
17,3,18.421864461269113
17,7,18.57719802016675
17,8,15.025299753711328
17,12,17.038776543192807
17,24,15.892976338877666
17,46,18.579038310377154
17,48,6.388878818511157
17,49,18.579038310377154
17,50,14.110979081384562
17,58,15.084017891836709
17,59,19.56704922087836
17,66,10.595643474530426
17,68,15.49435454382942
17,73,15.521675215416886
17,83,6.699662279108902
17,97,15.003407266025127
17,109,17.408967649494077
17,110,17.639199473888453
17,113,13.430001084879231
17,116,18.672756387649873
17,118,14.598743937223063
17,131,16.872639616404136
17,133,6.772688706689977
17,136,13.640712618014165
17,144,10.812607187794224
17,148,16.124251203698172
17,150,15.892976338877666
17,172,15.70004197314489
17,175,14.612569010772798
17,180,18.829788632816772
17,188,16.151590108702962
17,203,15.905838032459842
17,208,11.052605905047466
17,210,18.53795251596317
17,212,15.443032589289235
17,223,14.73938648350964
17,225,9.54336252088217
17,230,15.12562340020731
17,233,0.8933599774090443
17,236,9.168280343928298
17,239,11.192373516093582
17,248,18.71290458103493
17,250,18.65943170184168
17,261,15.83800896776903
17,265,14.336244282016658
17,266,13.392951490614173
17,267,6.775138815942812
17,277,17.813357989084036
17,282,19.011855014343805
17,296,11.539748252576246
17,306,17.951388656348936
17,308,8.502646905035926
17,322,10.627124033175303
17,332,1.7851773351652622
17,334,5.108493592304795
17,344,11.081156553637259
17,345,16.078206368277083
17,372,3.759920248873308
17,380,9.262744737045063
17,388,19.71676341888261
17,422,16.730139762356536
17,462,5.1838762785878805
17,463,7.156761793592605
17,465,9.97616442235727
17,472,14.352514546547727
17,481,18.69871126279231
17,499,18.853491806006275
17,507,10.498067617981466
18,19,14.735352095026998
18,26,14.264631747673693
18,48,10.540688121072568
18,50,4.454809582458683
18,66,10.419842621013478
18,67,14.062428714299354
18,68,3.195909238116077
18,69,12.15995085924152
18,73,2.896775023201726
18,74,14.320093820159801
18,77,15.243204201776893
18,80,14.772176065316991
18,81,14.830971743938102
18,82,15.035981433906944
18,83,6.1480281324365516
18,97,3.325893585262465
18,109,4.854832956696171
18,110,8.228735157784005
18,112,12.395139161216676
18,113,2.898775794161826
18,114,14.256454000888775
18,118,3.747714544036035
18,119,11.49773332915751
18,125,13.746594996144912
18,126,13.781250105681558
18,127,13.81497133239245
18,128,13.853928131382752
18,129,13.78837937960124
18,130,13.684210001315822
18,131,5.139177385522661
18,133,7.7878656523991285
18,136,4.90828421994811
18,137,14.601088655176918
18,143,14.477696535760748
18,144,5.006881083427886
18,146,9.932112733530133
18,148,3.6574602976357
18,149,13.511803717652766
18,174,14.293698985609844
18,188,3.6795156597520684
18,208,5.057593637699302
18,210,10.157627756017222
18,212,2.80060447071812
18,217,14.844853874225548
18,218,14.772027823421503
18,219,14.82695209282115
18,223,2.090577774360029
18,224,14.465151040898059
18,226,15.953628823232393
18,233,13.685668891804124
18,254,16.916602778590132
18,265,5.376263203888673
18,266,2.857094514294507
18,267,7.794168926314793
18,277,7.9620976879176455
18,308,19.690596053669516
18,322,19.92021275185314
18,327,14.390497973516014
18,332,13.410440028461313
18,334,8.291090829962657
18,344,5.555505160073397
18,345,3.6895297535785954
18,346,13.382698725490267
18,360,9.082850971108181
18,368,17.964388906117627
18,372,12.99665450495399
18,380,6.030281464778811
18,388,8.85926251802484
18,405,12.193590750170179
18,410,10.46678000136754
18,422,3.985244536458515
18,430,19.531676559280253
18,431,19.531676559280253
18,432,19.583695443319996
18,457,14.89503720324353
18,462,8.226300330515622
18,463,6.5088179503460655
18,467,17.969097733527896
18,468,14.779764100949198
18,484,18.651873432941784
18,507,10.398035098746375
19,1,2.2875077675425044
19,3,9.261535170541773
19,4,7.0809848457095415
19,5,5.3322312934145915
19,7,7.303312852549218
19,8,11.370401850164738
19,9,6.226340295299631
19,10,6.876550951315763
19,11,5.9313857332430215
19,12,8.686051495192851
19,13,6.688782713040163
19,14,2.2144462836275607
19,15,5.961314759285563
19,21,12.683626243500902
19,24,11.764043311919501
19,35,18.528838848326124
19,36,15.66196862760843
19,40,2.9994003907831317
19,42,15.403871951274178
19,46,9.616794808939588
19,49,9.616794808939588
19,57,17.905313308461565
19,58,11.327317005457415
19,59,10.866785534842986
19,64,5.126726496933138
19,70,6.386796924659931
19,78,6.180368725064457
19,116,6.907821692487536
19,124,7.2479111045086695
19,135,15.649595132465631
19,139,19.574612725440144
19,140,19.518020461405673
19,141,6.196676978975298
19,142,15.38087565473173
19,150,11.764043311919501
19,153,19.597234737404026
19,166,0.7061278624390033
19,167,19.40321303671548
19,172,11.777999620225831
19,175,11.899650148169982
19,177,19.40321303671548
19,181,15.43353962225579
19,183,4.196417155965626
19,203,15.032438810247795
19,207,15.633652013105216
19,225,19.235087899245354
19,230,10.911424307293238
19,231,19.521965213592573
19,236,17.112084716324965
19,239,15.424470538645247
19,241,17.24641145636268
19,242,19.938178276328994
19,246,16.62849311469274
19,247,19.270784567224272
19,249,10.061626666452192
19,253,15.778871555599736
19,256,3.751136861239988
19,258,11.797138464942226
19,259,17.073237961364065
19,260,17.22831045167318
19,261,10.670848496917795
19,271,11.93159556599717
19,272,7.861511004236288
19,280,10.090788888163763
19,281,10.51951481547502
19,282,8.256966523035597
19,283,17.130205914226053
19,296,14.908468936669315
19,297,13.331839641242688
19,305,13.109006593605734
19,306,19.432304160907645
19,307,2.6166651495124036
19,321,17.797835110368286
19,348,14.73515316822976
19,355,11.321402507387148
19,361,14.709398603122823
19,371,19.44696484943784
19,374,19.605784930253243
19,379,17.67826981518793
19,382,17.515773385754326
19,385,11.279069027386548
19,395,11.45666838861479
19,400,17.77853489820714
19,404,15.456432463766012
19,407,15.635554504928912
19,412,18.16858006797481
19,414,15.688185256521772
19,415,17.648673227498037
19,416,17.620811925733868
19,418,17.62768253920176
19,419,18.152221168433325
19,420,15.255128287318817
19,428,17.48321126989552
19,436,17.62768253920176
19,437,15.713002125342785
19,444,15.689717284567333
19,465,19.4747278891524
19,472,12.557457772752278
19,481,8.771182840054399
19,483,15.564551975309724
19,491,15.645598020725743
19,492,15.628689546271913
19,495,11.458893611327492
19,497,18.20567607152789
19,498,18.162488477874557
19,502,19.60292553882186
19,508,17.799269929303634
19,516,15.724340200072518
19,518,15.622336723633069
19,519,18.386792466493084
20,6,1.5054724308348497
20,16,1.24488938348376
20,17,1.396743406966792
20,19,16.641020727670394
20,23,8.927139876559647
20,25,9.914601405475219
20,26,16.638748900455827
20,27,1.3460608162591376
20,28,6.452559561487238
20,29,13.79389937711435
20,30,14.121520453068403
20,31,14.098870501661624
20,33,14.81799540794699
20,34,14.850083793736248
20,43,9.121623388165624
20,44,1.1101725762952002
20,47,8.314299452131092
20,51,6.237014609349036
20,62,8.624745401777941
20,65,7.769239693111536
20,67,16.912566809604645
20,69,18.3068025802131
20,71,1.3162097448279981
20,74,16.532302524041828
20,75,1.4540192909524108
20,76,1.4528619557999223
20,77,16.215923554189807
20,79,1.7701515625446669
20,80,16.53532333332293
20,81,16.233385508938277
20,82,15.907317812461265
20,112,19.202190463827467
20,114,16.62819327573278
20,119,18.968441565940036
20,125,17.16939888488038
20,126,17.123791610940273
20,127,17.109172938923503
20,128,17.08467699697909
20,129,17.15334592161003
20,130,17.229401337635846
20,132,6.758807441880028
20,134,3.3559978400656685
20,137,16.52347691751772
20,138,1.390318118414893
20,143,16.48123231293204
20,145,8.158736691687064
20,149,17.38420328505929
20,152,4.8238562173501816
20,171,9.03277252288105
20,174,16.593770059729206
20,178,7.622652564366897
20,186,11.648038730344918
20,192,9.331154687108912
20,193,8.976867593841503
20,194,8.033961546065745
20,195,8.024699281402084
20,196,4.852328964393277
20,197,4.878322395329929
20,200,14.433647619275565
20,202,9.927378639209882
20,204,9.77525676471768
20,205,9.215744025331352
20,209,14.371504129013918
20,211,14.385763876608817
20,213,8.96690233483442
20,214,7.203399211332398
20,217,16.2735859775022
20,218,16.390813948483732
20,219,16.34349219528135
20,224,16.090525090073292
20,226,14.523300704703416
20,232,7.0561741361364865
20,254,15.81557087504759
20,289,4.244109455782439
20,293,19.95327913778245
20,294,7.280762063003495
20,298,4.254080763135987
20,300,13.677001226511798
20,303,9.17296678125206
20,309,15.100919675571744
20,315,2.445380328418173
20,316,7.517765170415652
20,317,14.668402908370574
20,318,14.58831289299433
20,325,1.2449083566720136
20,326,13.67702279690538
20,327,16.806922560651582
20,328,19.62999920813347
20,329,19.770941785332504
20,333,14.523057837547931
20,342,8.040648566902194
20,343,8.09214679816035
20,346,17.53488871521274
20,349,8.477286802241629
20,353,7.621163998323238
20,354,7.655510222760926
20,357,2.448422375823626
20,358,2.26429852478147
20,359,2.2443478754910595
20,362,2.464379630460084
20,363,2.3530839361938956
20,368,14.454035689625353
20,376,1.3012270629508687
20,383,7.8648940076232225
20,384,7.663391366129905
20,387,13.435549355132093
20,402,18.987994217526015
20,409,8.941949231734558
20,411,7.843179908105324
20,421,4.6021138489068445
20,434,7.94631868859499
20,435,8.042504173559136
20,439,7.128847595693419
20,440,9.41259054982547
20,441,9.237875013299705
20,442,8.780524375739754
20,443,8.853689221712157
20,445,19.02303819173026
20,449,7.5344995614209
20,456,19.09876336350483
20,457,16.0715289589735
20,459,9.968718593227303
20,460,9.416513109252678
20,464,8.926606158391818
20,467,14.469894480978118
20,468,16.601250584990304
20,469,16.07646827363134
20,473,8.96386903344401
20,474,8.994422335003534
20,482,8.137507941021797
20,484,11.831912210330055
20,487,7.358886292640739
20,488,7.056667000221351
20,489,7.065792615992001
20,490,6.6789716991438315
20,493,14.415750280429881
20,500,5.2210400086606406
20,501,2.388805474957947
20,506,14.415750280429881
20,509,5.278684539045691
20,510,5.153054846479667
20,511,5.1247550252085485
20,535,13.107060091426996
20,539,1.5473704311419552
20,542,7.868215024174079
21,18,15.488323468857347
21,151,19.126672233082733
21,160,18.71782868069261
21,179,19.704259712471103
21,182,19.66012428266422
21,185,10.971925044743346
21,199,16.770774426771403
21,206,11.111116925111558
21,215,12.222091183334445
21,216,12.120483486668496
21,288,11.933060487274629
21,339,17.424790852130236
21,356,1.5295496408235347
21,389,10.944184953158477
21,423,0.6872628638832354
21,448,19.837530145943163
21,451,10.953314469295512
21,471,4.557934979592608
21,476,12.11648942748607
21,485,11.825674070253454
21,505,15.167264111000245
21,521,0.6872628638832354
21,537,4.562668132709139
21,540,4.594903383572461
22,1,18.11041617742864
22,3,11.992508167315393
22,5,15.857558601148115
22,7,10.777535419657385
22,8,7.201126793032314
22,12,9.832746308864174
22,14,18.969818600397485
22,24,8.229444574130447
22,40,17.881346142409072
22,46,12.31648299157577
22,48,13.013056517825996
22,49,12.31648299157577
22,58,7.2603980640943
22,59,13.863956296033985
22,64,13.163047426096837
22,66,17.077965318776165
22,83,14.533610339278455
22,116,10.940946801171156
22,133,14.3058684389363
22,141,15.47216092142203
22,144,18.486837781238005
22,150,8.229444574130447
22,166,17.464851306939504
22,172,8.014920602826985
22,175,6.809579273763816
22,180,18.99470234473118
22,183,17.241129502618726
22,203,11.710424414602853
22,208,18.71450793331732
22,225,7.748248660392804
22,230,7.287293290765359
22,233,7.005977124466503
22,236,1.8888037556716974
22,239,3.6765282724313493
22,248,18.020992155944214
22,249,15.650655936350088
22,250,17.931870088613252
22,256,18.35403104459125
22,258,18.06106519738004
22,261,8.01196475861805
22,267,14.306259672475736
22,271,18.080161428000256
22,272,14.44778487646017
22,282,11.185764471667339
22,296,3.8868339819379383
22,306,15.68329775582017
22,307,19.349360250053586
22,308,5.491042364135787
22,322,9.130281113031748
22,332,7.33247044055602
22,334,12.844868238576073
22,344,18.680116037003028
22,372,8.608527227058666
22,380,16.873492954314507
22,462,12.920191168756626
22,463,14.909475291113425
22,465,8.4097298106845
22,472,6.632968216352973
22,481,12.13866643814777
22,499,14.97387080540045
22,507,16.98471757207387
23,1,12.294780199219394
23,4,12.808504122612534
23,5,11.695419015319468
23,7,16.99469925839832
23,8,19.35949321785172
23,9,13.323162365046658
23,10,12.831074037829557
23,11,12.814980811882386
23,13,10.559934535292292
23,14,16.047034307342155
23,15,11.565753222413672
23,20,7.926325333436582
23,24,18.180739569682814
23,36,1.5944249158946575
23,39,7.990884990992581
23,40,11.774825272521705
23,41,7.9383479527236975
23,42,4.3770110575052055
23,45,7.594534834970534
23,52,8.374869695734601
23,57,3.674269512031507
23,58,19.299442214427597
23,61,7.978849931047475
23,63,8.392671798319608
23,64,15.180889036464414
23,70,13.385231573445326
23,72,7.598741028445324
23,78,11.057447701289117
23,84,12.03947910517654
23,85,10.896581974396723
23,86,9.807079604301368
23,87,9.782530763430488
23,88,11.967749053879148
23,89,10.036289257960778
23,90,10.298936722146722
23,91,11.042667572588297
23,92,9.837922333071463
23,93,9.682404741396601
23,94,10.319883862926439
23,95,11.440818591888016
23,96,9.096485514757699
23,98,10.16715324790397
23,99,9.966449188166703
23,100,11.045430790876658
23,101,11.51811718288948
23,102,9.915770863384914
23,103,10.733478459268339
23,104,11.20166536743269
23,105,11.24566412503472
23,106,11.264165530984837
23,107,10.254046516246053
23,108,9.962730852477453
23,111,9.937462921513696
23,115,10.621369338524733
23,116,17.47546015897542
23,117,10.468049404811705
23,120,8.909504696410956
23,122,18.50872897191066
23,123,9.736784566028764
23,124,11.175001360593283
23,135,1.6128917277866195
23,139,7.058319590499955
23,140,6.952518801311851
23,141,11.629266984976411
23,142,1.5616565757001324
23,150,18.180739569682814
23,153,7.007647547313567
23,154,10.806068448853946
23,159,9.781482190902498
23,166,14.0298847624209
23,167,5.085916960559573
23,170,10.120978195470698
23,172,18.391028938027482
23,173,9.903631661150856
23,175,19.668282505071947
23,176,10.73182987956344
23,177,5.085916960559573
23,181,1.1709133265452283
23,183,11.241050907198874
23,207,1.557300636724607
23,220,7.688742849869395
23,222,11.548951503092047
23,230,19.52206078143202
23,231,5.556458896855806
23,241,4.420128396932118
23,242,7.551321502248485
23,246,4.088195763215492
23,247,4.944599198245145
23,249,10.80937361215424
23,253,4.532939474883858
23,256,18.023662797951584
23,257,11.926598871950002
23,258,8.785428731631216
23,259,3.1549120042633647
23,260,2.9308011411472887
23,261,18.590149054314104
23,262,18.356618839186066
23,263,12.078396705811846
23,264,7.303543181040491
23,271,8.82079206091014
23,272,12.106516929088482
23,273,9.911441945208587
23,274,11.626485561029865
23,275,11.940332279177142
23,282,15.57141866963581
23,285,10.274252288586379
23,305,17.42092849564812
23,307,16.21912952284931
23,336,8.10892959842748
23,348,1.4585537600170069
23,352,11.566427786998387
23,355,3.760132162000752
23,361,1.2139416637626814
23,371,5.390125047180253
23,374,5.5431405855579134
23,379,3.470954386427681
23,382,3.4817695710220558
23,385,3.7934318435895245
23,391,12.119690917688397
23,395,3.625500609748774
23,396,15.712958285360951
23,400,3.564521316928522
23,404,2.0648579057232626
23,407,1.5647507219581787
23,412,3.869338131435029
23,414,1.6203563891687305
23,415,3.303545194719158
23,416,3.279887287114518
23,417,6.300982546904364
23,418,3.278967242975201
23,419,3.855466094872058
23,420,2.2867206391095283
23,428,3.4630416358862557
23,436,3.278967242975201
23,437,1.5889852611591349
23,444,1.6264478620979421
23,466,12.102014912299813
23,472,19.772470662673978
23,483,1.4941503136097174
23,491,1.515106015777213
23,492,1.5765331149725665
23,495,4.188402838343795
23,497,3.903030023650228
23,498,3.873187317411457
23,502,7.062046156440668
23,508,3.5703593479167384
23,516,1.6430503173623838
23,518,1.510939396692738
23,519,5.934707097375569
23,520,18.316044149344613
23,524,13.408703805009722
23,525,11.416442689078865
23,526,11.42334264063684
23,527,11.460671532699687
23,528,11.441183080143745
23,529,11.457523228097868
23,530,11.487104450952065
23,531,11.491788060882216
23,544,11.50539091621074
